-- --------------------------------------------------------
-- Host:                         127.0.0.1
-- Server version:               10.2.6-MariaDB - mariadb.org binary distribution
-- Server OS:                    Win64
-- HeidiSQL Version:             9.4.0.5125
-- --------------------------------------------------------

/*!40101 SET @OLD_CHARACTER_SET_CLIENT=@@CHARACTER_SET_CLIENT */;
/*!40101 SET NAMES utf8 */;
/*!50503 SET NAMES utf8mb4 */;
/*!40014 SET @OLD_FOREIGN_KEY_CHECKS=@@FOREIGN_KEY_CHECKS, FOREIGN_KEY_CHECKS=0 */;
/*!40101 SET @OLD_SQL_MODE=@@SQL_MODE, SQL_MODE='NO_AUTO_VALUE_ON_ZERO' */;


-- Dumping database structure for id1841802_acm_db
CREATE DATABASE IF NOT EXISTS `id1841802_acm_db` /*!40100 DEFAULT CHARACTER SET utf8mb4 COLLATE utf8mb4_bin */;
USE `id1841802_acm_db`;

-- Dumping structure for table id1841802_acm_db.city
CREATE TABLE IF NOT EXISTS `city` (
  `city_name` varchar(50) COLLATE utf8mb4_bin DEFAULT NULL,
  `province_id` int(5) NOT NULL,
  KEY `province_id` (`province_id`),
  CONSTRAINT `FK_destination2_destination` FOREIGN KEY (`province_id`) REFERENCES `province` (`province_id`)
) ENGINE=InnoDB DEFAULT CHARSET=utf8mb4 COLLATE=utf8mb4_bin;

-- Dumping data for table id1841802_acm_db.city: ~6,372 rows (approximately)
/*!40000 ALTER TABLE `city` DISABLE KEYS */;
INSERT INTO `city` (`city_name`, `province_id`) VALUES
	('Bangued', 1),
	('Boliney', 1),
	('Buenavista', 2),
	('Tubay', 2),
	('Bayugan', 3),
	('Bunawan', 3),
	('Altavas', 4),
	('Balete', 4),
	('Bacacay', 5),
	('Camalig', 5),
	('Bucay', 1),
	('Bucloc', 1),
	('Daguioman', 1),
	('Danglas', 1),
	('Dolores', 1),
	('La Paz', 1),
	('Lacub', 1),
	('Lagangilang', 1),
	('Lagayan', 1),
	('Langiden', 1),
	('Licuan-Baay', 1),
	('Luba', 1),
	('Malibcong', 1),
	('Manabo', 1),
	('Penarrubia', 1),
	('Pidigan', 1),
	('Pilar', 1),
	('Sallapadan', 1),
	('San Isidro', 1),
	('San Juan', 1),
	('San Quintin', 1),
	('Tayum', 1),
	('Tineg', 1),
	('Tubo', 1),
	('Butuan', 2),
	('Cabadbaran', 2),
	('Carmen', 2),
	('Jabonga', 2),
	('Kitcharao', 2),
	('Las Nieves', 2),
	('Magallanes', 2),
	('Nasipit', 2),
	('Remedios Romualdez', 2),
	('Santiago', 2),
	('Esperanza', 3),
	('La Paz', 3),
	('Loreto', 3),
	('Prosperidad', 3),
	('Rosario', 3),
	('San Francisco', 3),
	('San Luis', 3),
	('Santa Josefa', 3),
	('Sibagat', 3),
	('Talacogon', 3),
	('Trento', 3),
	('Veruela', 3),
	('Banga', 4),
	('Batan', 4),
	('Buruanga', 4),
	('Ibajay', 4),
	('Kalibo', 4),
	('Lezo', 4),
	('Libacao', 4),
	('Madalag', 4),
	('Makato', 4),
	('Malay', 4),
	('Malinao', 4),
	('Nabas', 4),
	('New Washington', 4),
	('Numancia', 4),
	('Tangalan', 4),
	('Daraga', 5),
	('Guinobatan', 5),
	('Jovellar', 5),
	('Legazpi', 5),
	('Libon', 5),
	('Ligao', 5),
	('Malilipot', 5),
	('Malinao', 5),
	('Manito', 5),
	('Oas', 5),
	('Pio Duran', 5),
	('Polangui', 5),
	('Rapu-Rapu', 5),
	('Santo Domingo', 5),
	('Tabaco', 5),
	('Tiwi', 5),
	('Anini-y', 6),
	('Barbaza', 6),
	('Belison', 6),
	('Bugasong', 6),
	('Caluya', 6),
	('Culasi', 6),
	('Hamtic', 6),
	('Laua-an', 6),
	('Libertad', 6),
	('Pandan', 6),
	('Patnongon', 6),
	('San Jose de Buenavista', 6),
	('San Remigio', 6),
	('Sebaste', 6),
	('Sibalom', 6),
	('Tibiao', 6),
	('Tobias Fornier', 6),
	('Valderrama', 6),
	('Calanasan', 7),
	('Conner', 7),
	('Flora', 7),
	('Kabugao', 7),
	('Luna', 7),
	('Pudtol', 7),
	('Santa Marcela', 7),
	('Baler', 8),
	('Casiguran', 8),
	('Dinalungan', 8),
	('Dingalan', 8),
	('Dipaculao', 8),
	('Maria Aurora', 8),
	('San Luis', 8),
	('Akbar', 9),
	('Al-Barka', 9),
	('Hadji Mohammad Ajul', 9),
	('Hadji Muhtamad', 9),
	('Isabela City', 9),
	('Lamitan', 9),
	('Lantawan', 9),
	('Maluso', 9),
	('Sumisip', 9),
	('Tabuan-Lasa', 9),
	('Tipo-Tipo', 9),
	('Tuburan', 9),
	('Ungkaya Pukan', 9),
	('Abucay', 10),
	('Bagac', 10),
	('Balanga', 10),
	('Dinalupihan', 10),
	('Hermosa', 10),
	('Limay', 10),
	('Mariveles', 10),
	('Morong', 10),
	('Orani', 10),
	('Orion', 10),
	('Pilar', 10),
	('Samal', 10),
	('Basco', 11),
	('Itbayat', 11),
	('Ivana', 11),
	('Mahatao', 11),
	('Sabtang', 11),
	('Uyugan', 11),
	('Caloocan', 49),
	('Las Pinas', 49),
	('Makati', 49),
	('Malabon', 49),
	('Mandaluyong', 49),
	('Manila', 49),
	('Marikina', 49),
	('Muntinlupa', 49),
	('Navotas', 49),
	('Paranaque', 49),
	('Pasay', 49),
	('Pasig', 49),
	('Pateros', 49),
	('Quezon City', 49),
	('San Juan', 49),
	('Taguig', 49),
	('Valenzuela', 49),
	('Alcantara', 25),
	('Alcoy', 25),
	('Alegria', 25),
	('Aloguinsan', 25),
	('Argao', 25),
	('Agoncillo', 12),
	('Alitagtag', 12),
	('Balayan', 12),
	('Balete', 12),
	('Batangas City', 12),
	('Bauan', 12),
	('Calaca', 12),
	('Calatagan', 12),
	('Cuenca', 12),
	('Ibaan', 12),
	('Laurel', 12),
	('Lemery', 12),
	('Lian', 12),
	('Lipa', 12),
	('Lobo', 12),
	('Mabini', 12),
	('Malvar', 12),
	('Mataasnakahoy', 12),
	('Nasugbu', 12),
	('Padre Garcia', 12),
	('Rosario', 12),
	('San Jose', 12),
	('San Juan', 12),
	('San Luis', 12),
	('San Nicolas', 12),
	('San Pascual', 12),
	('Santa Teresita', 12),
	('Santo Thomas', 12),
	('Taal', 12),
	('Talisay', 12),
	('Tanauan', 12),
	('Taysan', 12),
	('Tingloy', 12),
	('Tuy', 12),
	('Atok', 13),
	('Baguio', 13),
	('Bakun', 13),
	('Bokod', 13),
	('Buguias', 13),
	('Itogon', 13),
	('Kabayan', 13),
	('Kapangan', 13),
	('Kibungan', 13),
	('La Trinidad', 13),
	('Mankayan', 13),
	('Sablan', 13),
	('Tuba', 13),
	('Tublay', 13),
	('Almeria', 14),
	('Biliran', 14),
	('Cabucgayan', 14),
	('Caibiran', 14),
	('Culaba', 14),
	('Kawayan', 14),
	('Maripipi', 14),
	('Naval', 14),
	('Alburquerque', 15),
	('Alicia', 15),
	('Anda', 15),
	('Antequera', 15),
	('Baclayon', 15),
	('Balilihan', 15),
	('Batuan', 15),
	('Bien Unido', 15),
	('Bilar', 15),
	('Buenavista', 15),
	('Calape', 15),
	('Candijay', 15),
	('Carmen', 15),
	('Catigbian', 15),
	('Clarin', 15),
	('Corella', 15),
	('Cortes', 15),
	('Dagohoy', 15),
	('Danao', 15),
	('Dauis', 15),
	('Dimiao', 15),
	('Duero', 15),
	('Garcia Hernandez', 15),
	('Getafe', 15),
	('Guindulman', 15),
	('Inabanga', 15),
	('Jagna', 15),
	('Lila', 15),
	('Loay', 15),
	('Loboc', 15),
	('Loon', 15),
	('Mabini', 15),
	('Maribojoc', 15),
	('Panglao', 15),
	('Pilar', 15),
	('Pres. Carlos P. Garcia', 15),
	('Sagbayan', 15),
	('San Isidro', 15),
	('San Miguel', 15),
	('Sevilla', 15),
	('Sierra Bullones', 15),
	('Sikatuna', 15),
	('Tagbilaran', 15),
	('Talibon', 15),
	('Trinidad', 15),
	('Tubigon', 15),
	('Ubay', 15),
	('Valencia', 15),
	('Baungon', 16),
	('Cabanglasan', 16),
	('Damulog', 16),
	('Dangcagan', 16),
	('Don Carlos', 16),
	('Impasugong', 16),
	('Kadingilan', 16),
	('Kalilangan', 16),
	('Kibawe', 16),
	('Kitaotao', 16),
	('Lantapan', 16),
	('Libona', 16),
	('Malaybalay', 16),
	('Malitbog', 16),
	('Manolo Fortich', 16),
	('Maramag', 16),
	('Pangantucan', 16),
	('Quezon', 16),
	('San Fernando', 16),
	('Sumilao', 16),
	('Talakag', 16),
	('Valencia', 16),
	('Angat', 17),
	('Balagtas', 17),
	('Baliuag', 17),
	('Bocaue', 17),
	('Bulakan', 17),
	('Bustos', 17),
	('Calumpit', 17),
	('Dona Remedios Trinidad', 17),
	('Guiguinto', 17),
	('Hagonoy', 17),
	('Malolos', 17),
	('Marilao', 17),
	('Meycauayan', 17),
	('Norzagaray', 17),
	('Obando', 17),
	('Pandi', 17),
	('Paombong', 17),
	('Plaridel', 17),
	('Pulilan', 17),
	('San Ildefonso', 17),
	('San Jose del Monte', 17),
	('San Miguel', 17),
	('San Rafael', 17),
	('Santa Maria', 17),
	('Abulug', 18),
	('Alcala', 18),
	('Allacapan', 18),
	('Amulung', 18),
	('Aparri', 18),
	('Baggao', 18),
	('Ballesteros', 18),
	('Buguey', 18),
	('Calayan', 18),
	('Camalaniugan', 18),
	('Claveria', 18),
	('Enrile', 18),
	('Gattaran', 18),
	('Gonzaga', 18),
	('Iguig', 18),
	('Lal-lo', 18),
	('Lasam', 18),
	('Pamplona', 18),
	('Penablanca', 18),
	('Piat', 18),
	('Rizal', 18),
	('Sanchez-Mira', 18),
	('Santa Ana', 18),
	('Santa Praxedes', 18),
	('Santa Teresita', 18),
	('Santo Nino', 18),
	('Solana', 18),
	('Tuao', 18),
	('Tuguegarao', 18),
	('Basud', 19),
	('Capalonga', 19),
	('Daet', 19),
	('Jose Panganiban', 19),
	('Labo', 19),
	('Mercedes', 19),
	('Paracale', 19),
	('San Lorenzo Ruiz', 19),
	('San Vicente', 19),
	('Santa Elena', 19),
	('Talisay', 19),
	('Vinzons', 19),
	('Baao', 20),
	('Balatan', 20),
	('Bato', 20),
	('Bombon', 20),
	('Buhi', 20),
	('Bula', 20),
	('Cabusao', 20),
	('Calabanga', 20),
	('Camaligan', 20),
	('Canaman', 20),
	('Caramoan', 20),
	('Del Gallego', 20),
	('Gainza', 20),
	('Garchitorena', 20),
	('Goa', 20),
	('Iriga', 20),
	('Lagonoy', 20),
	('Libmanan', 20),
	('Lupi', 20),
	('Magarao', 20),
	('Milaor', 20),
	('Minalabac', 20),
	('Nabua', 20),
	('Naga', 20),
	('Ocampo', 20),
	('Pamplona', 20),
	('Pasacao', 20),
	('Pili', 20),
	('Presentacion', 20),
	('Ragay', 20),
	('Sagnay', 20),
	('San Fernando', 20),
	('San Jose', 20),
	('Sipocot', 20),
	('Siruma', 20),
	('Tigaon', 20),
	('Tinambac', 20),
	('Catarman', 21),
	('Guinsiliban', 21),
	('Mahinog', 21),
	('Mambajao', 21),
	('Sagay', 21),
	('Cuartero', 22),
	('Dao', 22),
	('Dumalag', 22),
	('Dumarao', 22),
	('Ivisan', 22),
	('Jamindan', 22),
	('Maayon', 22),
	('Mambusao', 22),
	('Panay', 22),
	('Painitan', 22),
	('Pilar', 22),
	('Pontevedra', 22),
	('President Roxas', 22),
	('Roxas City', 22),
	('Sapian', 22),
	('Sigma', 22),
	('Tapaz', 22),
	('Bagamanoc', 23),
	('Baras', 23),
	('Bato', 23),
	('Caramoran', 23),
	('Gigmoto', 23),
	('Pandan', 23),
	('Panganiban', 23),
	('San Andres', 23),
	('San Miguel', 23),
	('Viga', 23),
	('Virac', 23),
	('Trece Martires', 24),
	('Asturias', 25),
	('Alfonso', 24),
	('Amadeo', 24),
	('Bacoor', 24),
	('Carmona', 24),
	('Cavite City', 24),
	('Dasmarinas', 24),
	('Gen. Emilio Aguinaldo', 24),
	('Gen. Mariano Alvarez', 24),
	('Gen. Trias', 24),
	('Imus', 24),
	('Indang', 24),
	('Kawit', 24),
	('Magallanes', 24),
	('Maragondon', 24),
	('Mendez', 24),
	('Naic', 24),
	('Noveleta', 24),
	('Rosario', 24),
	('Silang', 24),
	('Tagaytay', 24),
	('Tanza', 24),
	('Ternate', 24),
	('Badian', 25),
	('Balamban', 25),
	('Bantayan', 25),
	('Barili', 25),
	('Bogo', 25),
	('Boljoon', 25),
	('Borbon', 25),
	('Carcar', 25),
	('Carmen', 25),
	('Catmon', 25),
	('Cebu City', 25),
	('Compostela', 25),
	('Consolacion', 25),
	('Cordova', 25),
	('Daanbantayan', 25),
	('Dalaguete', 25),
	('Danao', 25),
	('Dumanjug', 25),
	('Ginatilan', 25),
	('Lapu-Lapu', 25),
	('Liloan', 25),
	('Madridejos', 25),
	('Malabuyoc', 25),
	('Mandaue', 25),
	('Medellin', 25),
	('Minglanilla', 25),
	('Moalboal', 25),
	('Naga', 25),
	('Oslob', 25),
	('Pilar', 25),
	('Pinamungajan', 25),
	('Poro', 25),
	('Ronda', 25),
	('Samboan', 25),
	('San Fernando', 25),
	('San Francisco', 25),
	('San Remigio', 25),
	('Santa Fe', 25),
	('Santander', 25),
	('Sibonga', 25),
	('Sogod', 25),
	('Tabogon', 25),
	('Tabuelan', 25),
	('Talisay', 25),
	('Toledo', 25),
	('Tuburan', 25),
	('Tudela', 25),
	('Laak', 26),
	('Mabini', 26),
	('Maco', 26),
	('Maragusan', 26),
	('Mawab', 26),
	('Monkayo', 26),
	('Montevista', 26),
	('Nabunturan', 26),
	('New Bataan', 26),
	('Pantukan', 26),
	('Alamada', 27),
	('Aleosan', 27),
	('Antipas', 27),
	('Arakan', 27),
	('Banisilan', 27),
	('Carmen', 27),
	('Kabacan', 27),
	('Kidapawan', 27),
	('Libungan', 27),
	('M\'lang', 27),
	('Magpet', 27),
	('Makilala', 27),
	('Matalam', 27),
	('Midsayap', 27),
	('Pigcawayan', 27),
	('Pikit', 27),
	('President Roxas', 27),
	('Tulunan', 27),
	('Asuncion', 28),
	('Braulio E. Dujali', 28),
	('Carmen', 28),
	('Kapalong', 28),
	('New Corella', 28),
	('Panabo', 28),
	('Samal', 28),
	('San Isidro', 28),
	('Santo Tomas', 28),
	('Tagum', 28),
	('Talaingod', 28),
	('Bansalan', 29),
	('Davao City', 29),
	('Digos', 29),
	('Hagonoy', 29),
	('Kiblawan', 29),
	('Magsaysay', 29),
	('Malalag', 29),
	('Matanao', 29),
	('Padada', 29),
	('Santa Cruz', 29),
	('Sulop', 29),
	('Don Marcelino', 30),
	('Jose Abad Santos', 30),
	('Malita', 30),
	('Santa Maria', 30),
	('Sarangani', 30),
	('Baganga', 31),
	('Banaybanay', 31),
	('Boston', 31),
	('Caraga', 31),
	('Cateel', 31),
	('Governor Generoso', 31),
	('Lupon', 31),
	('Manay', 31),
	('Mati', 31),
	('San Isidro', 31),
	('Tarragona', 31),
	('Basilisa', 32),
	('Cagdianao', 32),
	('Dinagat', 32),
	('Libjo', 32),
	('Loreto', 32),
	('San Jose', 32),
	('Tubajon', 32),
	('Arteche', 33),
	('Balangiga', 33),
	('Balangkayan', 33),
	('Borongan', 33),
	('Can-avid', 33),
	('Dolores', 33),
	('General MacArthur', 33),
	('Giporlos', 33),
	('Guiuan', 33),
	('Hernani', 33),
	('Jipapad', 33),
	('Lawaan', 33),
	('Llorente', 33),
	('Maslog', 33),
	('Maydolong', 33),
	('Mercedes', 33),
	('Oras', 33),
	('Quinapondan', 33),
	('Salcedo', 33),
	('San Julian', 33),
	('San Policarpo', 33),
	('Sulat', 33),
	('Taft', 33),
	('Buenavista', 34),
	('Jordan', 34),
	('Nueva Valencia', 34),
	('San Lorenzo', 34),
	('Sibunag', 34),
	('Aguinaldo', 35),
	('Alfonso Lista', 35),
	('Asipulo', 35),
	('Banaue', 35),
	('Hingyon', 35),
	('Hungduan', 35),
	('Kiangan', 35),
	('Lagawe', 35),
	('Lamut', 35),
	('Mayoyao', 35),
	('Tinoc', 35),
	('Adams', 36),
	('Bacarra', 36),
	('Badoc', 36),
	('Bangui', 36),
	('Banna', 36),
	('Batac', 36),
	('Burgos', 36),
	('Carasi', 36),
	('Currimao', 36),
	('Dingras', 36),
	('Dumalneg', 36),
	('Laoag', 36),
	('Marcos', 36),
	('Nueva Era', 36),
	('Pagudpud', 36),
	('Paoay', 36),
	('Pasuquin', 36),
	('Piddig', 36),
	('Pinili', 36),
	('San Nicolas', 36),
	('Sarrat', 36),
	('Solsona', 36),
	('Vintar', 36),
	('Alilem', 37),
	('Banayoyo', 37),
	('Bantay', 37),
	('Burgos', 37),
	('Cabugao', 37),
	('Candon', 37),
	('Caoayan', 37),
	('Cervantes', 37),
	('Galimuyod', 37),
	('Gregorio del Pilar', 37),
	('Ajuy', 38),
	('Alimodian', 38),
	('Anilao', 38),
	('Badiangan', 38),
	('Balasan', 38),
	('Banate', 38),
	('Barotac Nuevo', 38),
	('Barotac Viejo', 38),
	('Batad', 38),
	('Bingawan', 38),
	('Alicia', 39),
	('Angadanan', 39),
	('Aurora', 39),
	('Benito Soliven', 39),
	('Burgos', 39),
	('Cabagan', 39),
	('Cabatuan', 39),
	('Cauayan', 39),
	('Cordon', 39),
	('Delfin Albano', 39),
	('Balbalan', 40),
	('Lubuagan', 40),
	('Pasil', 40),
	('Pinukpuk', 40),
	('Rizal', 40),
	('Tabuk', 40),
	('Tanudan', 40),
	('Tinglayan', 40),
	('Agoo', 41),
	('Aringay', 41),
	('Bacnotan', 41),
	('Bagulin', 41),
	('Balaoan', 41),
	('Bangar', 41),
	('Bauang', 41),
	('Burgos', 41),
	('Caba', 41),
	('Luna', 41),
	('Alaminos', 42),
	('Bay', 42),
	('Binan', 42),
	('Cabuyao', 42),
	('Calamba', 42),
	('Calauan', 42),
	('Cavinti', 42),
	('Famy', 42),
	('Kalayaan', 42),
	('Liliw', 42),
	('Bacolod', 43),
	('Baloi', 43),
	('Baroy', 43),
	('Iligan', 43),
	('Kapatagan', 43),
	('Kauswagan', 43),
	('Kolambugan', 43),
	('Lala', 43),
	('Linamon', 43),
	('Magsaysay', 43),
	('Amai Manabilang (Bumbaran)', 44),
	('Bacolod-Kalawi (Bacolod-Grande)', 44),
	('Balabagan', 44),
	('Balindong (Watu)', 44),
	('Bayang', 44),
	('Binidayan', 44),
	('Buadiposo-Buntong', 44),
	('Bubong', 44),
	('Butig', 44),
	('Calanogas', 44),
	('Abuyog', 45),
	('Alangalang', 45),
	('Albuera', 45),
	('Babatngon', 45),
	('Barugo', 45),
	('Bato', 45),
	('Baybay', 45),
	('Burauen', 45),
	('Calubian', 45),
	('Capoocan', 45),
	('Ampatuan', 46),
	('Barira', 46),
	('Buldon', 46),
	('Buluan', 46),
	('Cotabato City', 46),
	('Datu Abdullah Sangki', 46),
	('Datu Anggal Midtimbang', 46),
	('Datu Blah T. Sinsuat', 46),
	('Datu Hoffer Ampatuan', 46),
	('Datu Montawal', 46),
	('Boac', 47),
	('Buenavista', 47),
	('Gasan', 47),
	('Mogpog', 47),
	('Santa Cruz', 47),
	('Torrijos', 47),
	('Aroroy', 48),
	('Baleno', 48),
	('Balud', 48),
	('Batuan', 48),
	('Cataingan', 48),
	('Cawayan', 48),
	('Claveria', 48),
	('Dimasalang', 48),
	('Esperanza', 48),
	('Mandaon', 48),
	('Aloran', 50),
	('Baliangao', 50),
	('Bonifacio', 50),
	('Calamba', 50),
	('Clarin', 50),
	('Concepcion', 50),
	('Don Victoriano Chiongbian', 50),
	('Jimenez', 50),
	('Lopez Jaena', 50),
	('Oroquieta', 50),
	('Alubijid', 51),
	('Balingasag', 51),
	('Balingoan', 51),
	('Binuangan', 51),
	('Cagayan de Oro', 51),
	('Claveria', 51),
	('El Salvador', 51),
	('Gingoog', 51),
	('Gitagum', 51),
	('Initao', 51),
	('Barlig', 52),
	('Bauko', 52),
	('Besao', 52),
	('Bontoc', 52),
	('Natonin', 52),
	('Paracelis', 52),
	('Sabangan', 52),
	('Sadanga', 52),
	('Sagada', 52),
	('Tadian', 52),
	('Bacolod', 53),
	('Bago', 53),
	('Binalbagan', 53),
	('Cadiz', 53),
	('Calatrava', 53),
	('Candoni', 53),
	('Cauayan', 53),
	('Enrique B. Magalona', 53),
	('Escalante', 53),
	('Himamaylan', 53),
	('Amlan', 54),
	('Ayungon', 54),
	('Bacong', 54),
	('Bais', 54),
	('Basay', 54),
	('Bayawan', 54),
	('Bindoy', 54),
	('Canlaon', 54),
	('Dauin', 54),
	('Dumaguete', 54),
	('Allen', 55),
	('Biri', 55),
	('Bobon', 55),
	('Capul', 55),
	('Catarman', 55),
	('Catubig', 55),
	('Gamay', 55),
	('Laoang', 55),
	('Lapinig', 55),
	('Las Navas', 55),
	('Aliaga', 56),
	('Bongabon', 56),
	('Cabanatuan', 56),
	('Cabiao', 56),
	('Carranglan', 56),
	('Cuyapo', 56),
	('Gabaldon', 56),
	('Gapan', 56),
	('Gen. Mamerto Natividad', 56),
	('Gen. Tinio', 56),
	('Abra de Ilog', 57),
	('Calintaan', 57),
	('Looc', 57),
	('Lubang', 57),
	('Magsaysay', 57),
	('Mamburao', 57),
	('Paluan', 57),
	('Rizal', 57),
	('Sablayan', 57),
	('San Jose', 57),
	('Baco', 58),
	('Bansud', 58),
	('Bongabong', 58),
	('Bulalacao', 58),
	('Calapan', 58),
	('Gloria', 58),
	('Mansalay', 58),
	('Naujan', 58),
	('Pinamalayan', 58),
	('Pola', 58),
	('Aborlan', 59),
	('Agutaya', 59),
	('Araceli', 59),
	('Balabac', 59),
	('Bataraza', 59),
	('Brooke\'s Point', 59),
	('Busuanga', 59),
	('Cagayancillo', 59),
	('Coron', 59),
	('Culion', 59),
	('Angeles', 60),
	('Apalit', 60),
	('Arayat', 60),
	('Bacolor', 60),
	('Candaba', 60),
	('Floridablanca', 60),
	('Guagua', 60),
	('Lubao', 60),
	('Mabalacat', 60),
	('Macabebe', 60),
	('Agno', 61),
	('Aguilar', 61),
	('Alaminos', 61),
	('Alcala', 61),
	('Anda', 61),
	('Asingan', 61),
	('Balungao', 61),
	('Bani', 61),
	('Basista', 61),
	('Bautista', 61),
	('Agdangan', 62),
	('Alabat', 62),
	('Atimonan', 62),
	('Buenavista', 62),
	('Burdeos', 62),
	('Calauag', 62),
	('Candelaria', 62),
	('Catanauan', 62),
	('Dolores', 62),
	('General Luna', 62),
	('Aglipay', 63),
	('Cabarroguis', 63),
	('Diffun', 63),
	('Maddela', 63),
	('Nagtipunan', 63),
	('Saguday', 63),
	('Angono', 64),
	('Antipolo', 64),
	('Baras', 64),
	('Binangonan', 64),
	('Cainta', 64),
	('Cardona', 64),
	('Jalajala', 64),
	('Morong', 64),
	('Pililla', 64),
	('Rodriguez', 64),
	('Alcantara', 65),
	('Banton', 65),
	('Cajidiocan', 65),
	('Calatrava', 65),
	('Concepcion', 65),
	('Corcuera', 65),
	('Ferrol', 65),
	('Looc', 65),
	('Magdiwang', 65),
	('Odiongan', 65),
	('Almagro', 66),
	('Basey', 66),
	('Calbayog', 66),
	('Calbiga', 66),
	('Catbalogan', 66),
	('Daram', 66),
	('Gandara', 66),
	('Hinabangan', 66),
	('Jiabong', 66),
	('Marabut', 66),
	('Alabel', 67),
	('Glan', 67),
	('Kiamba', 67),
	('Maasim', 67),
	('Maitum', 67),
	('Malapatan', 67),
	('Malungon', 67),
	('Enrique Villanueva', 68),
	('Larena', 68),
	('Lazi', 68),
	('Maria', 68),
	('San Juan', 68),
	('Siquijor', 68),
	('Barcelona', 69),
	('Bulan', 69),
	('Bulusan', 69),
	('Casiguran', 69),
	('Castilla', 69),
	('Donsol', 69),
	('Gubat', 69),
	('Irosin', 69),
	('Juban', 69),
	('Magallanes', 69),
	('Banga', 70),
	('General Santos', 70),
	('Koronadal', 70),
	('Lake Sebu', 70),
	('Norala', 70),
	('Polomolok', 70),
	('Santo Nino', 70),
	('Surallah', 70),
	('T\'Boli', 70),
	('Tampakan', 70),
	('Anahawan', 71),
	('Bontoc', 71),
	('Hinunganan', 71),
	('Libagon', 71),
	('Liloan', 71),
	('Limasawa', 71),
	('Maasin', 71),
	('Macrohon', 71),
	('Malitbog', 71),
	('Padre Burgos', 71),
	('Bagumbayan', 72),
	('Columbio', 72),
	('Esperanza', 72),
	('Isulan', 72),
	('Kalamansig', 72),
	('Lambayong', 72),
	('Lebak', 72),
	('Lutayan', 72),
	('Palimbang', 72),
	('President Quirino', 72),
	('Banguingui', 73),
	('Hadji Panglima Tahil', 73),
	('Indanan', 73),
	('Jolo', 73),
	('Kalingalan Caluang', 73),
	('Lugus', 73),
	('Luuk', 73),
	('Maimbung', 73),
	('Old Panamao', 73),
	('Omar', 73),
	('Alegria', 74),
	('Bacuag', 74),
	('Burgos', 74),
	('Claver', 74),
	('Dapa', 74),
	('Del Carmen', 74),
	('General Luna', 74),
	('Gigaquit', 74),
	('Mainit', 74),
	('Malimono', 74),
	('Barobo', 75),
	('Bayabas', 75),
	('Bislig', 75),
	('Cagwait', 75),
	('Cantilan', 75),
	('Carmen', 75),
	('Carrascal', 75),
	('Cortes', 75),
	('Hinatuan', 75),
	('Lanuza', 75),
	('Lianga', 75),
	('Anao', 76),
	('Bamban', 76),
	('Camiling', 76),
	('Capas', 76),
	('Concepcion', 76),
	('Gerona', 76),
	('La Paz', 76),
	('Mayantoc', 76),
	('Moncada', 76),
	('Paniqui', 76),
	('Bongao', 77),
	('Languyan', 77),
	('Mapun', 77),
	('Panglima Sugala', 77),
	('Sapa-Sapa', 77),
	('Sibutu', 77),
	('Simunul', 77),
	('Sitangkai', 77),
	('South Ubian', 77),
	('Tandubas', 77),
	('Botolan', 78),
	('Cabangan', 78),
	('Candelaria', 78),
	('Iba', 78),
	('Masinloc', 78),
	('Olongapo', 78),
	('Palauig', 78),
	('San Antonio', 78),
	('San Felipe', 78),
	('San Marcelino', 78),
	('Baliguian', 79),
	('Dapitan', 79),
	('Dipolog', 79),
	('Godod', 79),
	('Gutalac', 79),
	('Jose Dalman', 79),
	('Kalawit', 79),
	('Katipunan', 79),
	('La Libertad', 79),
	('Labason', 79),
	('Aurora', 80),
	('Bayog', 80),
	('Dimataling', 80),
	('Dinas', 80),
	('Dumalinao', 80),
	('Dumingag', 80),
	('Guipos', 80),
	('Josefina', 80),
	('Kumalarang', 80),
	('Alicia', 81),
	('Buug', 81),
	('Diplahan', 81),
	('Imelda', 81),
	('Ipil', 81),
	('Kabasalan', 81),
	('Mabuhay', 81),
	('Malangas', 81),
	('Naga', 81),
	('Olutanga', 81),
	('Bangued', 1),
	('Boliney', 1),
	('Buenavista', 2),
	('Tubay', 2),
	('Bayugan', 3),
	('Bunawan', 3),
	('Altavas', 4),
	('Balete', 4),
	('Bacacay', 5),
	('Camalig', 5),
	('Bucay', 1),
	('Bucloc', 1),
	('Daguioman', 1),
	('Danglas', 1),
	('Dolores', 1),
	('La Paz', 1),
	('Lacub', 1),
	('Lagangilang', 1),
	('Lagayan', 1),
	('Langiden', 1),
	('Licuan-Baay', 1),
	('Luba', 1),
	('Malibcong', 1),
	('Manabo', 1),
	('Penarrubia', 1),
	('Pidigan', 1),
	('Pilar', 1),
	('Sallapadan', 1),
	('San Isidro', 1),
	('San Juan', 1),
	('San Quintin', 1),
	('Tayum', 1),
	('Tineg', 1),
	('Tubo', 1),
	('Butuan', 2),
	('Cabadbaran', 2),
	('Carmen', 2),
	('Jabonga', 2),
	('Kitcharao', 2),
	('Las Nieves', 2),
	('Magallanes', 2),
	('Nasipit', 2),
	('Remedios Romualdez', 2),
	('Santiago', 2),
	('Esperanza', 3),
	('La Paz', 3),
	('Loreto', 3),
	('Prosperidad', 3),
	('Rosario', 3),
	('San Francisco', 3),
	('San Luis', 3),
	('Santa Josefa', 3),
	('Sibagat', 3),
	('Talacogon', 3),
	('Trento', 3),
	('Veruela', 3),
	('Banga', 4),
	('Batan', 4),
	('Buruanga', 4),
	('Ibajay', 4),
	('Kalibo', 4),
	('Lezo', 4),
	('Libacao', 4),
	('Madalag', 4),
	('Makato', 4),
	('Malay', 4),
	('Malinao', 4),
	('Nabas', 4),
	('New Washington', 4),
	('Numancia', 4),
	('Tangalan', 4),
	('Daraga', 5),
	('Guinobatan', 5),
	('Jovellar', 5),
	('Legazpi', 5),
	('Libon', 5),
	('Ligao', 5),
	('Malilipot', 5),
	('Malinao', 5),
	('Manito', 5),
	('Oas', 5),
	('Pio Duran', 5),
	('Polangui', 5),
	('Rapu-Rapu', 5),
	('Santo Domingo', 5),
	('Tabaco', 5),
	('Tiwi', 5),
	('Anini-y', 6),
	('Barbaza', 6),
	('Belison', 6),
	('Bugasong', 6),
	('Caluya', 6),
	('Culasi', 6),
	('Hamtic', 6),
	('Laua-an', 6),
	('Libertad', 6),
	('Pandan', 6),
	('Patnongon', 6),
	('San Jose de Buenavista', 6),
	('San Remigio', 6),
	('Sebaste', 6),
	('Sibalom', 6),
	('Tibiao', 6),
	('Tobias Fornier', 6),
	('Valderrama', 6),
	('Calanasan', 7),
	('Conner', 7),
	('Flora', 7),
	('Kabugao', 7),
	('Luna', 7),
	('Pudtol', 7),
	('Santa Marcela', 7),
	('Baler', 8),
	('Casiguran', 8),
	('Dinalungan', 8),
	('Dingalan', 8),
	('Dipaculao', 8),
	('Maria Aurora', 8),
	('San Luis', 8),
	('Akbar', 9),
	('Al-Barka', 9),
	('Hadji Mohammad Ajul', 9),
	('Hadji Muhtamad', 9),
	('Isabela City', 9),
	('Lamitan', 9),
	('Lantawan', 9),
	('Maluso', 9),
	('Sumisip', 9),
	('Tabuan-Lasa', 9),
	('Tipo-Tipo', 9),
	('Tuburan', 9),
	('Ungkaya Pukan', 9),
	('Abucay', 10),
	('Bagac', 10),
	('Balanga', 10),
	('Dinalupihan', 10),
	('Hermosa', 10),
	('Limay', 10),
	('Mariveles', 10),
	('Morong', 10),
	('Orani', 10),
	('Orion', 10),
	('Pilar', 10),
	('Samal', 10),
	('Basco', 11),
	('Itbayat', 11),
	('Ivana', 11),
	('Mahatao', 11),
	('Sabtang', 11),
	('Uyugan', 11),
	('Caloocan', 49),
	('Las Pinas', 49),
	('Makati', 49),
	('Malabon', 49),
	('Mandaluyong', 49),
	('Manila', 49),
	('Marikina', 49),
	('Muntinlupa', 49),
	('Navotas', 49),
	('Paranaque', 49),
	('Pasay', 49),
	('Pasig', 49),
	('Pateros', 49),
	('Quezon City', 49),
	('San Juan', 49),
	('Taguig', 49),
	('Valenzuela', 49),
	('Alcantara', 25),
	('Alcoy', 25),
	('Alegria', 25),
	('Aloguinsan', 25),
	('Argao', 25),
	('Agoncillo', 12),
	('Alitagtag', 12),
	('Balayan', 12),
	('Balete', 12),
	('Batangas City', 12),
	('Bauan', 12),
	('Calaca', 12),
	('Calatagan', 12),
	('Cuenca', 12),
	('Ibaan', 12),
	('Laurel', 12),
	('Lemery', 12),
	('Lian', 12),
	('Lipa', 12),
	('Lobo', 12),
	('Mabini', 12),
	('Malvar', 12),
	('Mataasnakahoy', 12),
	('Nasugbu', 12),
	('Padre Garcia', 12),
	('Rosario', 12),
	('San Jose', 12),
	('San Juan', 12),
	('San Luis', 12),
	('San Nicolas', 12),
	('San Pascual', 12),
	('Santa Teresita', 12),
	('Santo Thomas', 12),
	('Taal', 12),
	('Talisay', 12),
	('Tanauan', 12),
	('Taysan', 12),
	('Tingloy', 12),
	('Tuy', 12),
	('Atok', 13),
	('Baguio', 13),
	('Bakun', 13),
	('Bokod', 13),
	('Buguias', 13),
	('Itogon', 13),
	('Kabayan', 13),
	('Kapangan', 13),
	('Kibungan', 13),
	('La Trinidad', 13),
	('Mankayan', 13),
	('Sablan', 13),
	('Tuba', 13),
	('Tublay', 13),
	('Almeria', 14),
	('Biliran', 14),
	('Cabucgayan', 14),
	('Caibiran', 14),
	('Culaba', 14),
	('Kawayan', 14),
	('Maripipi', 14),
	('Naval', 14),
	('Alburquerque', 15),
	('Alicia', 15),
	('Anda', 15),
	('Antequera', 15),
	('Baclayon', 15),
	('Balilihan', 15),
	('Batuan', 15),
	('Bien Unido', 15),
	('Bilar', 15),
	('Buenavista', 15),
	('Calape', 15),
	('Candijay', 15),
	('Carmen', 15),
	('Catigbian', 15),
	('Clarin', 15),
	('Corella', 15),
	('Cortes', 15),
	('Dagohoy', 15),
	('Danao', 15),
	('Dauis', 15),
	('Dimiao', 15),
	('Duero', 15),
	('Garcia Hernandez', 15),
	('Getafe', 15),
	('Guindulman', 15),
	('Inabanga', 15),
	('Jagna', 15),
	('Lila', 15),
	('Loay', 15),
	('Loboc', 15),
	('Loon', 15),
	('Mabini', 15),
	('Maribojoc', 15),
	('Panglao', 15),
	('Pilar', 15),
	('Pres. Carlos P. Garcia', 15),
	('Sagbayan', 15),
	('San Isidro', 15),
	('San Miguel', 15),
	('Sevilla', 15),
	('Sierra Bullones', 15),
	('Sikatuna', 15),
	('Tagbilaran', 15),
	('Talibon', 15),
	('Trinidad', 15),
	('Tubigon', 15),
	('Ubay', 15),
	('Valencia', 15),
	('Baungon', 16),
	('Cabanglasan', 16),
	('Damulog', 16),
	('Dangcagan', 16),
	('Don Carlos', 16),
	('Impasugong', 16),
	('Kadingilan', 16),
	('Kalilangan', 16),
	('Kibawe', 16),
	('Kitaotao', 16),
	('Lantapan', 16),
	('Libona', 16),
	('Malaybalay', 16),
	('Malitbog', 16),
	('Manolo Fortich', 16),
	('Maramag', 16),
	('Pangantucan', 16),
	('Quezon', 16),
	('San Fernando', 16),
	('Sumilao', 16),
	('Talakag', 16),
	('Valencia', 16),
	('Angat', 17),
	('Balagtas', 17),
	('Baliuag', 17),
	('Bocaue', 17),
	('Bulakan', 17),
	('Bustos', 17),
	('Calumpit', 17),
	('Dona Remedios Trinidad', 17),
	('Guiguinto', 17),
	('Hagonoy', 17),
	('Malolos', 17),
	('Marilao', 17),
	('Meycauayan', 17),
	('Norzagaray', 17),
	('Obando', 17),
	('Pandi', 17),
	('Paombong', 17),
	('Plaridel', 17),
	('Pulilan', 17),
	('San Ildefonso', 17),
	('San Jose del Monte', 17),
	('San Miguel', 17),
	('San Rafael', 17),
	('Santa Maria', 17),
	('Abulug', 18),
	('Alcala', 18),
	('Allacapan', 18),
	('Amulung', 18),
	('Aparri', 18),
	('Baggao', 18),
	('Ballesteros', 18),
	('Buguey', 18),
	('Calayan', 18),
	('Camalaniugan', 18),
	('Claveria', 18),
	('Enrile', 18),
	('Gattaran', 18),
	('Gonzaga', 18),
	('Iguig', 18),
	('Lal-lo', 18),
	('Lasam', 18),
	('Pamplona', 18),
	('Penablanca', 18),
	('Piat', 18),
	('Rizal', 18),
	('Sanchez-Mira', 18),
	('Santa Ana', 18),
	('Santa Praxedes', 18),
	('Santa Teresita', 18),
	('Santo Nino', 18),
	('Solana', 18),
	('Tuao', 18),
	('Tuguegarao', 18),
	('Basud', 19),
	('Capalonga', 19),
	('Daet', 19),
	('Jose Panganiban', 19),
	('Labo', 19),
	('Mercedes', 19),
	('Paracale', 19),
	('San Lorenzo Ruiz', 19),
	('San Vicente', 19),
	('Santa Elena', 19),
	('Talisay', 19),
	('Vinzons', 19),
	('Baao', 20),
	('Balatan', 20),
	('Bato', 20),
	('Bombon', 20),
	('Buhi', 20),
	('Bula', 20),
	('Cabusao', 20),
	('Calabanga', 20),
	('Camaligan', 20),
	('Canaman', 20),
	('Caramoan', 20),
	('Del Gallego', 20),
	('Gainza', 20),
	('Garchitorena', 20),
	('Goa', 20),
	('Iriga', 20),
	('Lagonoy', 20),
	('Libmanan', 20),
	('Lupi', 20),
	('Magarao', 20),
	('Milaor', 20),
	('Minalabac', 20),
	('Nabua', 20),
	('Naga', 20),
	('Ocampo', 20),
	('Pamplona', 20),
	('Pasacao', 20),
	('Pili', 20),
	('Presentacion', 20),
	('Ragay', 20),
	('Sagnay', 20),
	('San Fernando', 20),
	('San Jose', 20),
	('Sipocot', 20),
	('Siruma', 20),
	('Tigaon', 20),
	('Tinambac', 20),
	('Catarman', 21),
	('Guinsiliban', 21),
	('Mahinog', 21),
	('Mambajao', 21),
	('Sagay', 21),
	('Cuartero', 22),
	('Dao', 22),
	('Dumalag', 22),
	('Dumarao', 22),
	('Ivisan', 22),
	('Jamindan', 22),
	('Maayon', 22),
	('Mambusao', 22),
	('Panay', 22),
	('Painitan', 22),
	('Pilar', 22),
	('Pontevedra', 22),
	('President Roxas', 22),
	('Roxas City', 22),
	('Sapian', 22),
	('Sigma', 22),
	('Tapaz', 22),
	('Bagamanoc', 23),
	('Baras', 23),
	('Bato', 23),
	('Caramoran', 23),
	('Gigmoto', 23),
	('Pandan', 23),
	('Panganiban', 23),
	('San Andres', 23),
	('San Miguel', 23),
	('Viga', 23),
	('Virac', 23),
	('Trece Martires', 24),
	('Asturias', 25),
	('Alfonso', 24),
	('Amadeo', 24),
	('Bacoor', 24),
	('Carmona', 24),
	('Cavite City', 24),
	('Dasmarinas', 24),
	('Gen. Emilio Aguinaldo', 24),
	('Gen. Mariano Alvarez', 24),
	('Gen. Trias', 24),
	('Imus', 24),
	('Indang', 24),
	('Kawit', 24),
	('Magallanes', 24),
	('Maragondon', 24),
	('Mendez', 24),
	('Naic', 24),
	('Noveleta', 24),
	('Rosario', 24),
	('Silang', 24),
	('Tagaytay', 24),
	('Tanza', 24),
	('Ternate', 24),
	('Badian', 25),
	('Balamban', 25),
	('Bantayan', 25),
	('Barili', 25),
	('Bogo', 25),
	('Boljoon', 25),
	('Borbon', 25),
	('Carcar', 25),
	('Carmen', 25),
	('Catmon', 25),
	('Cebu City', 25),
	('Compostela', 25),
	('Consolacion', 25),
	('Cordova', 25),
	('Daanbantayan', 25),
	('Dalaguete', 25),
	('Danao', 25),
	('Dumanjug', 25),
	('Ginatilan', 25),
	('Lapu-Lapu', 25),
	('Liloan', 25),
	('Madridejos', 25),
	('Malabuyoc', 25),
	('Mandaue', 25),
	('Medellin', 25),
	('Minglanilla', 25),
	('Moalboal', 25),
	('Naga', 25),
	('Oslob', 25),
	('Pilar', 25),
	('Pinamungajan', 25),
	('Poro', 25),
	('Ronda', 25),
	('Samboan', 25),
	('San Fernando', 25),
	('San Francisco', 25),
	('San Remigio', 25),
	('Santa Fe', 25),
	('Santander', 25),
	('Sibonga', 25),
	('Sogod', 25),
	('Tabogon', 25),
	('Tabuelan', 25),
	('Talisay', 25),
	('Toledo', 25),
	('Tuburan', 25),
	('Tudela', 25),
	('Laak', 26),
	('Mabini', 26),
	('Maco', 26),
	('Maragusan', 26),
	('Mawab', 26),
	('Monkayo', 26),
	('Montevista', 26),
	('Nabunturan', 26),
	('New Bataan', 26),
	('Pantukan', 26),
	('Alamada', 27),
	('Aleosan', 27),
	('Antipas', 27),
	('Arakan', 27),
	('Banisilan', 27),
	('Carmen', 27),
	('Kabacan', 27),
	('Kidapawan', 27),
	('Libungan', 27),
	('M\'lang', 27),
	('Magpet', 27),
	('Makilala', 27),
	('Matalam', 27),
	('Midsayap', 27),
	('Pigcawayan', 27),
	('Pikit', 27),
	('President Roxas', 27),
	('Tulunan', 27),
	('Asuncion', 28),
	('Braulio E. Dujali', 28),
	('Carmen', 28),
	('Kapalong', 28),
	('New Corella', 28),
	('Panabo', 28),
	('Samal', 28),
	('San Isidro', 28),
	('Santo Tomas', 28),
	('Tagum', 28),
	('Talaingod', 28),
	('Bansalan', 29),
	('Davao City', 29),
	('Digos', 29),
	('Hagonoy', 29),
	('Kiblawan', 29),
	('Magsaysay', 29),
	('Malalag', 29),
	('Matanao', 29),
	('Padada', 29),
	('Santa Cruz', 29),
	('Sulop', 29),
	('Don Marcelino', 30),
	('Jose Abad Santos', 30),
	('Malita', 30),
	('Santa Maria', 30),
	('Sarangani', 30),
	('Baganga', 31),
	('Banaybanay', 31),
	('Boston', 31),
	('Caraga', 31),
	('Cateel', 31),
	('Governor Generoso', 31),
	('Lupon', 31),
	('Manay', 31),
	('Mati', 31),
	('San Isidro', 31),
	('Tarragona', 31),
	('Basilisa', 32),
	('Cagdianao', 32),
	('Dinagat', 32),
	('Libjo', 32),
	('Loreto', 32),
	('San Jose', 32),
	('Tubajon', 32),
	('Arteche', 33),
	('Balangiga', 33),
	('Balangkayan', 33),
	('Borongan', 33),
	('Can-avid', 33),
	('Dolores', 33),
	('General MacArthur', 33),
	('Giporlos', 33),
	('Guiuan', 33),
	('Hernani', 33),
	('Jipapad', 33),
	('Lawaan', 33),
	('Llorente', 33),
	('Maslog', 33),
	('Maydolong', 33),
	('Mercedes', 33),
	('Oras', 33),
	('Quinapondan', 33),
	('Salcedo', 33),
	('San Julian', 33),
	('San Policarpo', 33),
	('Sulat', 33),
	('Taft', 33),
	('Buenavista', 34),
	('Jordan', 34),
	('Nueva Valencia', 34),
	('San Lorenzo', 34),
	('Sibunag', 34),
	('Aguinaldo', 35),
	('Alfonso Lista', 35),
	('Asipulo', 35),
	('Banaue', 35),
	('Hingyon', 35),
	('Hungduan', 35),
	('Kiangan', 35),
	('Lagawe', 35),
	('Lamut', 35),
	('Mayoyao', 35),
	('Tinoc', 35),
	('Adams', 36),
	('Bacarra', 36),
	('Badoc', 36),
	('Bangui', 36),
	('Banna', 36),
	('Batac', 36),
	('Burgos', 36),
	('Carasi', 36),
	('Currimao', 36),
	('Dingras', 36),
	('Dumalneg', 36),
	('Laoag', 36),
	('Marcos', 36),
	('Nueva Era', 36),
	('Pagudpud', 36),
	('Paoay', 36),
	('Pasuquin', 36),
	('Piddig', 36),
	('Pinili', 36),
	('San Nicolas', 36),
	('Sarrat', 36),
	('Solsona', 36),
	('Vintar', 36),
	('Alilem', 37),
	('Banayoyo', 37),
	('Bantay', 37),
	('Burgos', 37),
	('Cabugao', 37),
	('Candon', 37),
	('Caoayan', 37),
	('Cervantes', 37),
	('Galimuyod', 37),
	('Gregorio del Pilar', 37),
	('Ajuy', 38),
	('Alimodian', 38),
	('Anilao', 38),
	('Badiangan', 38),
	('Balasan', 38),
	('Banate', 38),
	('Barotac Nuevo', 38),
	('Barotac Viejo', 38),
	('Batad', 38),
	('Bingawan', 38),
	('Alicia', 39),
	('Angadanan', 39),
	('Aurora', 39),
	('Benito Soliven', 39),
	('Burgos', 39),
	('Cabagan', 39),
	('Cabatuan', 39),
	('Cauayan', 39),
	('Cordon', 39),
	('Delfin Albano', 39),
	('Balbalan', 40),
	('Lubuagan', 40),
	('Pasil', 40),
	('Pinukpuk', 40),
	('Rizal', 40),
	('Tabuk', 40),
	('Tanudan', 40),
	('Tinglayan', 40),
	('Agoo', 41),
	('Aringay', 41),
	('Bacnotan', 41),
	('Bagulin', 41),
	('Balaoan', 41),
	('Bangar', 41),
	('Bauang', 41),
	('Burgos', 41),
	('Caba', 41),
	('Luna', 41),
	('Alaminos', 42),
	('Bay', 42),
	('Binan', 42),
	('Cabuyao', 42),
	('Calamba', 42),
	('Calauan', 42),
	('Cavinti', 42),
	('Famy', 42),
	('Kalayaan', 42),
	('Liliw', 42),
	('Bacolod', 43),
	('Baloi', 43),
	('Baroy', 43),
	('Iligan', 43),
	('Kapatagan', 43),
	('Kauswagan', 43),
	('Kolambugan', 43),
	('Lala', 43),
	('Linamon', 43),
	('Magsaysay', 43),
	('Amai Manabilang (Bumbaran)', 44),
	('Bacolod-Kalawi (Bacolod-Grande)', 44),
	('Balabagan', 44),
	('Balindong (Watu)', 44),
	('Bayang', 44),
	('Binidayan', 44),
	('Buadiposo-Buntong', 44),
	('Bubong', 44),
	('Butig', 44),
	('Calanogas', 44),
	('Abuyog', 45),
	('Alangalang', 45),
	('Albuera', 45),
	('Babatngon', 45),
	('Barugo', 45),
	('Bato', 45),
	('Baybay', 45),
	('Burauen', 45),
	('Calubian', 45),
	('Capoocan', 45),
	('Ampatuan', 46),
	('Barira', 46),
	('Buldon', 46),
	('Buluan', 46),
	('Cotabato City', 46),
	('Datu Abdullah Sangki', 46),
	('Datu Anggal Midtimbang', 46),
	('Datu Blah T. Sinsuat', 46),
	('Datu Hoffer Ampatuan', 46),
	('Datu Montawal', 46),
	('Boac', 47),
	('Buenavista', 47),
	('Gasan', 47),
	('Mogpog', 47),
	('Santa Cruz', 47),
	('Torrijos', 47),
	('Aroroy', 48),
	('Baleno', 48),
	('Balud', 48),
	('Batuan', 48),
	('Cataingan', 48),
	('Cawayan', 48),
	('Claveria', 48),
	('Dimasalang', 48),
	('Esperanza', 48),
	('Mandaon', 48),
	('Aloran', 50),
	('Baliangao', 50),
	('Bonifacio', 50),
	('Calamba', 50),
	('Clarin', 50),
	('Concepcion', 50),
	('Don Victoriano Chiongbian', 50),
	('Jimenez', 50),
	('Lopez Jaena', 50),
	('Oroquieta', 50),
	('Alubijid', 51),
	('Balingasag', 51),
	('Balingoan', 51),
	('Binuangan', 51),
	('Cagayan de Oro', 51),
	('Claveria', 51),
	('El Salvador', 51),
	('Gingoog', 51),
	('Gitagum', 51),
	('Initao', 51),
	('Barlig', 52),
	('Bauko', 52),
	('Besao', 52),
	('Bontoc', 52),
	('Natonin', 52),
	('Paracelis', 52),
	('Sabangan', 52),
	('Sadanga', 52),
	('Sagada', 52),
	('Tadian', 52),
	('Bacolod', 53),
	('Bago', 53),
	('Binalbagan', 53),
	('Cadiz', 53),
	('Calatrava', 53),
	('Candoni', 53),
	('Cauayan', 53),
	('Enrique B. Magalona', 53),
	('Escalante', 53),
	('Himamaylan', 53),
	('Amlan', 54),
	('Ayungon', 54),
	('Bacong', 54),
	('Bais', 54),
	('Basay', 54),
	('Bayawan', 54),
	('Bindoy', 54),
	('Canlaon', 54),
	('Dauin', 54),
	('Dumaguete', 54),
	('Allen', 55),
	('Biri', 55),
	('Bobon', 55),
	('Capul', 55),
	('Catarman', 55),
	('Catubig', 55),
	('Gamay', 55),
	('Laoang', 55),
	('Lapinig', 55),
	('Las Navas', 55),
	('Aliaga', 56),
	('Bongabon', 56),
	('Cabanatuan', 56),
	('Cabiao', 56),
	('Carranglan', 56),
	('Cuyapo', 56),
	('Gabaldon', 56),
	('Gapan', 56),
	('Gen. Mamerto Natividad', 56),
	('Gen. Tinio', 56),
	('Abra de Ilog', 57),
	('Calintaan', 57),
	('Looc', 57),
	('Lubang', 57),
	('Magsaysay', 57),
	('Mamburao', 57),
	('Paluan', 57),
	('Rizal', 57),
	('Sablayan', 57),
	('San Jose', 57),
	('Baco', 58),
	('Bansud', 58),
	('Bongabong', 58),
	('Bulalacao', 58),
	('Calapan', 58),
	('Gloria', 58),
	('Mansalay', 58),
	('Naujan', 58),
	('Pinamalayan', 58),
	('Pola', 58),
	('Aborlan', 59),
	('Agutaya', 59),
	('Araceli', 59),
	('Balabac', 59),
	('Bataraza', 59),
	('Brooke\'s Point', 59),
	('Busuanga', 59),
	('Cagayancillo', 59),
	('Coron', 59),
	('Culion', 59),
	('Angeles', 60),
	('Apalit', 60),
	('Arayat', 60),
	('Bacolor', 60),
	('Candaba', 60),
	('Floridablanca', 60),
	('Guagua', 60),
	('Lubao', 60),
	('Mabalacat', 60),
	('Macabebe', 60),
	('Agno', 61),
	('Aguilar', 61),
	('Alaminos', 61),
	('Alcala', 61),
	('Anda', 61),
	('Asingan', 61),
	('Balungao', 61),
	('Bani', 61),
	('Basista', 61),
	('Bautista', 61),
	('Agdangan', 62),
	('Alabat', 62),
	('Atimonan', 62),
	('Buenavista', 62),
	('Burdeos', 62),
	('Calauag', 62),
	('Candelaria', 62),
	('Catanauan', 62),
	('Dolores', 62),
	('General Luna', 62),
	('Aglipay', 63),
	('Cabarroguis', 63),
	('Diffun', 63),
	('Maddela', 63),
	('Nagtipunan', 63),
	('Saguday', 63),
	('Angono', 64),
	('Antipolo', 64),
	('Baras', 64),
	('Binangonan', 64),
	('Cainta', 64),
	('Cardona', 64),
	('Jalajala', 64),
	('Morong', 64),
	('Pililla', 64),
	('Rodriguez', 64),
	('Alcantara', 65),
	('Banton', 65),
	('Cajidiocan', 65),
	('Calatrava', 65),
	('Concepcion', 65),
	('Corcuera', 65),
	('Ferrol', 65),
	('Looc', 65),
	('Magdiwang', 65),
	('Odiongan', 65),
	('Almagro', 66),
	('Basey', 66),
	('Calbayog', 66),
	('Calbiga', 66),
	('Catbalogan', 66),
	('Daram', 66),
	('Gandara', 66),
	('Hinabangan', 66),
	('Jiabong', 66),
	('Marabut', 66),
	('Alabel', 67),
	('Glan', 67),
	('Kiamba', 67),
	('Maasim', 67),
	('Maitum', 67),
	('Malapatan', 67),
	('Malungon', 67),
	('Enrique Villanueva', 68),
	('Larena', 68),
	('Lazi', 68),
	('Maria', 68),
	('San Juan', 68),
	('Siquijor', 68),
	('Barcelona', 69),
	('Bulan', 69),
	('Bulusan', 69),
	('Casiguran', 69),
	('Castilla', 69),
	('Donsol', 69),
	('Gubat', 69),
	('Irosin', 69),
	('Juban', 69),
	('Magallanes', 69),
	('Banga', 70),
	('General Santos', 70),
	('Koronadal', 70),
	('Lake Sebu', 70),
	('Norala', 70),
	('Polomolok', 70),
	('Santo Nino', 70),
	('Surallah', 70),
	('T\'Boli', 70),
	('Tampakan', 70),
	('Anahawan', 71),
	('Bontoc', 71),
	('Hinunganan', 71),
	('Libagon', 71),
	('Liloan', 71),
	('Limasawa', 71),
	('Maasin', 71),
	('Macrohon', 71),
	('Malitbog', 71),
	('Padre Burgos', 71),
	('Bagumbayan', 72),
	('Columbio', 72),
	('Esperanza', 72),
	('Isulan', 72),
	('Kalamansig', 72),
	('Lambayong', 72),
	('Lebak', 72),
	('Lutayan', 72),
	('Palimbang', 72),
	('President Quirino', 72),
	('Banguingui', 73),
	('Hadji Panglima Tahil', 73),
	('Indanan', 73),
	('Jolo', 73),
	('Kalingalan Caluang', 73),
	('Lugus', 73),
	('Luuk', 73),
	('Maimbung', 73),
	('Old Panamao', 73),
	('Omar', 73),
	('Alegria', 74),
	('Bacuag', 74),
	('Burgos', 74),
	('Claver', 74),
	('Dapa', 74),
	('Del Carmen', 74),
	('General Luna', 74),
	('Gigaquit', 74),
	('Mainit', 74),
	('Malimono', 74),
	('Barobo', 75),
	('Bayabas', 75),
	('Bislig', 75),
	('Cagwait', 75),
	('Cantilan', 75),
	('Carmen', 75),
	('Carrascal', 75),
	('Cortes', 75),
	('Hinatuan', 75),
	('Lanuza', 75),
	('Lianga', 75),
	('Anao', 76),
	('Bamban', 76),
	('Camiling', 76),
	('Capas', 76),
	('Concepcion', 76),
	('Gerona', 76),
	('La Paz', 76),
	('Mayantoc', 76),
	('Moncada', 76),
	('Paniqui', 76),
	('Bongao', 77),
	('Languyan', 77),
	('Mapun', 77),
	('Panglima Sugala', 77),
	('Sapa-Sapa', 77),
	('Sibutu', 77),
	('Simunul', 77),
	('Sitangkai', 77),
	('South Ubian', 77),
	('Tandubas', 77),
	('Botolan', 78),
	('Cabangan', 78),
	('Candelaria', 78),
	('Iba', 78),
	('Masinloc', 78),
	('Olongapo', 78),
	('Palauig', 78),
	('San Antonio', 78),
	('San Felipe', 78),
	('San Marcelino', 78),
	('Baliguian', 79),
	('Dapitan', 79),
	('Dipolog', 79),
	('Godod', 79),
	('Gutalac', 79),
	('Jose Dalman', 79),
	('Kalawit', 79),
	('Katipunan', 79),
	('La Libertad', 79),
	('Labason', 79),
	('Aurora', 80),
	('Bayog', 80),
	('Dimataling', 80),
	('Dinas', 80),
	('Dumalinao', 80),
	('Dumingag', 80),
	('Guipos', 80),
	('Josefina', 80),
	('Kumalarang', 80),
	('Alicia', 81),
	('Buug', 81),
	('Diplahan', 81),
	('Imelda', 81),
	('Ipil', 81),
	('Kabasalan', 81),
	('Mabuhay', 81),
	('Malangas', 81),
	('Naga', 81),
	('Olutanga', 81),
	('Bangued', 1),
	('Boliney', 1),
	('Buenavista', 2),
	('Tubay', 2),
	('Bayugan', 3),
	('Bunawan', 3),
	('Altavas', 4),
	('Balete', 4),
	('Bacacay', 5),
	('Camalig', 5),
	('Bucay', 1),
	('Bucloc', 1),
	('Daguioman', 1),
	('Danglas', 1),
	('Dolores', 1),
	('La Paz', 1),
	('Lacub', 1),
	('Lagangilang', 1),
	('Lagayan', 1),
	('Langiden', 1),
	('Licuan-Baay', 1),
	('Luba', 1),
	('Malibcong', 1),
	('Manabo', 1),
	('Penarrubia', 1),
	('Pidigan', 1),
	('Pilar', 1),
	('Sallapadan', 1),
	('San Isidro', 1),
	('San Juan', 1),
	('San Quintin', 1),
	('Tayum', 1),
	('Tineg', 1),
	('Tubo', 1),
	('Butuan', 2),
	('Cabadbaran', 2),
	('Carmen', 2),
	('Jabonga', 2),
	('Kitcharao', 2),
	('Las Nieves', 2),
	('Magallanes', 2),
	('Nasipit', 2),
	('Remedios Romualdez', 2),
	('Santiago', 2),
	('Esperanza', 3),
	('La Paz', 3),
	('Loreto', 3),
	('Prosperidad', 3),
	('Rosario', 3),
	('San Francisco', 3),
	('San Luis', 3),
	('Santa Josefa', 3),
	('Sibagat', 3),
	('Talacogon', 3),
	('Trento', 3),
	('Veruela', 3),
	('Banga', 4),
	('Batan', 4),
	('Buruanga', 4),
	('Ibajay', 4),
	('Kalibo', 4),
	('Lezo', 4),
	('Libacao', 4),
	('Madalag', 4),
	('Makato', 4),
	('Malay', 4),
	('Malinao', 4),
	('Nabas', 4),
	('New Washington', 4),
	('Numancia', 4),
	('Tangalan', 4),
	('Daraga', 5),
	('Guinobatan', 5),
	('Jovellar', 5),
	('Legazpi', 5),
	('Libon', 5),
	('Ligao', 5),
	('Malilipot', 5),
	('Malinao', 5),
	('Manito', 5),
	('Oas', 5),
	('Pio Duran', 5),
	('Polangui', 5),
	('Rapu-Rapu', 5),
	('Santo Domingo', 5),
	('Tabaco', 5),
	('Tiwi', 5),
	('Anini-y', 6),
	('Barbaza', 6),
	('Belison', 6),
	('Bugasong', 6),
	('Caluya', 6),
	('Culasi', 6),
	('Hamtic', 6),
	('Laua-an', 6),
	('Libertad', 6),
	('Pandan', 6),
	('Patnongon', 6),
	('San Jose de Buenavista', 6),
	('San Remigio', 6),
	('Sebaste', 6),
	('Sibalom', 6),
	('Tibiao', 6),
	('Tobias Fornier', 6),
	('Valderrama', 6),
	('Calanasan', 7),
	('Conner', 7),
	('Flora', 7),
	('Kabugao', 7),
	('Luna', 7),
	('Pudtol', 7),
	('Santa Marcela', 7),
	('Baler', 8),
	('Casiguran', 8),
	('Dinalungan', 8),
	('Dingalan', 8),
	('Dipaculao', 8),
	('Maria Aurora', 8),
	('San Luis', 8),
	('Akbar', 9),
	('Al-Barka', 9),
	('Hadji Mohammad Ajul', 9),
	('Hadji Muhtamad', 9),
	('Isabela City', 9),
	('Lamitan', 9),
	('Lantawan', 9),
	('Maluso', 9),
	('Sumisip', 9),
	('Tabuan-Lasa', 9),
	('Tipo-Tipo', 9),
	('Tuburan', 9),
	('Ungkaya Pukan', 9),
	('Abucay', 10),
	('Bagac', 10),
	('Balanga', 10),
	('Dinalupihan', 10),
	('Hermosa', 10),
	('Limay', 10),
	('Mariveles', 10),
	('Morong', 10),
	('Orani', 10),
	('Orion', 10),
	('Pilar', 10),
	('Samal', 10),
	('Basco', 11),
	('Itbayat', 11),
	('Ivana', 11),
	('Mahatao', 11),
	('Sabtang', 11),
	('Uyugan', 11),
	('Caloocan', 49),
	('Las Pinas', 49),
	('Makati', 49),
	('Malabon', 49),
	('Mandaluyong', 49),
	('Manila', 49),
	('Marikina', 49),
	('Muntinlupa', 49),
	('Navotas', 49),
	('Paranaque', 49),
	('Pasay', 49),
	('Pasig', 49),
	('Pateros', 49),
	('Quezon City', 49),
	('San Juan', 49),
	('Taguig', 49),
	('Valenzuela', 49),
	('Alcantara', 25),
	('Alcoy', 25),
	('Alegria', 25),
	('Aloguinsan', 25),
	('Argao', 25),
	('Agoncillo', 12),
	('Alitagtag', 12),
	('Balayan', 12),
	('Balete', 12),
	('Batangas City', 12),
	('Bauan', 12),
	('Calaca', 12),
	('Calatagan', 12),
	('Cuenca', 12),
	('Ibaan', 12),
	('Laurel', 12),
	('Lemery', 12),
	('Lian', 12),
	('Lipa', 12),
	('Lobo', 12),
	('Mabini', 12),
	('Malvar', 12),
	('Mataasnakahoy', 12),
	('Nasugbu', 12),
	('Padre Garcia', 12),
	('Rosario', 12),
	('San Jose', 12),
	('San Juan', 12),
	('San Luis', 12),
	('San Nicolas', 12),
	('San Pascual', 12),
	('Santa Teresita', 12),
	('Santo Thomas', 12),
	('Taal', 12),
	('Talisay', 12),
	('Tanauan', 12),
	('Taysan', 12),
	('Tingloy', 12),
	('Tuy', 12),
	('Atok', 13),
	('Baguio', 13),
	('Bakun', 13),
	('Bokod', 13),
	('Buguias', 13),
	('Itogon', 13),
	('Kabayan', 13),
	('Kapangan', 13),
	('Kibungan', 13),
	('La Trinidad', 13),
	('Mankayan', 13),
	('Sablan', 13),
	('Tuba', 13),
	('Tublay', 13),
	('Almeria', 14),
	('Biliran', 14),
	('Cabucgayan', 14),
	('Caibiran', 14),
	('Culaba', 14),
	('Kawayan', 14),
	('Maripipi', 14),
	('Naval', 14),
	('Alburquerque', 15),
	('Alicia', 15),
	('Anda', 15),
	('Antequera', 15),
	('Baclayon', 15),
	('Balilihan', 15),
	('Batuan', 15),
	('Bien Unido', 15),
	('Bilar', 15),
	('Buenavista', 15),
	('Calape', 15),
	('Candijay', 15),
	('Carmen', 15),
	('Catigbian', 15),
	('Clarin', 15),
	('Corella', 15),
	('Cortes', 15),
	('Dagohoy', 15),
	('Danao', 15),
	('Dauis', 15),
	('Dimiao', 15),
	('Duero', 15),
	('Garcia Hernandez', 15),
	('Getafe', 15),
	('Guindulman', 15),
	('Inabanga', 15),
	('Jagna', 15),
	('Lila', 15),
	('Loay', 15),
	('Loboc', 15),
	('Loon', 15),
	('Mabini', 15),
	('Maribojoc', 15),
	('Panglao', 15),
	('Pilar', 15),
	('Pres. Carlos P. Garcia', 15),
	('Sagbayan', 15),
	('San Isidro', 15),
	('San Miguel', 15),
	('Sevilla', 15),
	('Sierra Bullones', 15),
	('Sikatuna', 15),
	('Tagbilaran', 15),
	('Talibon', 15),
	('Trinidad', 15),
	('Tubigon', 15),
	('Ubay', 15),
	('Valencia', 15),
	('Baungon', 16),
	('Cabanglasan', 16),
	('Damulog', 16),
	('Dangcagan', 16),
	('Don Carlos', 16),
	('Impasugong', 16),
	('Kadingilan', 16),
	('Kalilangan', 16),
	('Kibawe', 16),
	('Kitaotao', 16),
	('Lantapan', 16),
	('Libona', 16),
	('Malaybalay', 16),
	('Malitbog', 16),
	('Manolo Fortich', 16),
	('Maramag', 16),
	('Pangantucan', 16),
	('Quezon', 16),
	('San Fernando', 16),
	('Sumilao', 16),
	('Talakag', 16),
	('Valencia', 16),
	('Angat', 17),
	('Balagtas', 17),
	('Baliuag', 17),
	('Bocaue', 17),
	('Bulakan', 17),
	('Bustos', 17),
	('Calumpit', 17),
	('Dona Remedios Trinidad', 17),
	('Guiguinto', 17),
	('Hagonoy', 17),
	('Malolos', 17),
	('Marilao', 17),
	('Meycauayan', 17),
	('Norzagaray', 17),
	('Obando', 17),
	('Pandi', 17),
	('Paombong', 17),
	('Plaridel', 17),
	('Pulilan', 17),
	('San Ildefonso', 17),
	('San Jose del Monte', 17),
	('San Miguel', 17),
	('San Rafael', 17),
	('Santa Maria', 17),
	('Abulug', 18),
	('Alcala', 18),
	('Allacapan', 18),
	('Amulung', 18),
	('Aparri', 18),
	('Baggao', 18),
	('Ballesteros', 18),
	('Buguey', 18),
	('Calayan', 18),
	('Camalaniugan', 18),
	('Claveria', 18),
	('Enrile', 18),
	('Gattaran', 18),
	('Gonzaga', 18),
	('Iguig', 18),
	('Lal-lo', 18),
	('Lasam', 18),
	('Pamplona', 18),
	('Penablanca', 18),
	('Piat', 18),
	('Rizal', 18),
	('Sanchez-Mira', 18),
	('Santa Ana', 18),
	('Santa Praxedes', 18),
	('Santa Teresita', 18),
	('Santo Nino', 18),
	('Solana', 18),
	('Tuao', 18),
	('Tuguegarao', 18),
	('Basud', 19),
	('Capalonga', 19),
	('Daet', 19),
	('Jose Panganiban', 19),
	('Labo', 19),
	('Mercedes', 19),
	('Paracale', 19),
	('San Lorenzo Ruiz', 19),
	('San Vicente', 19),
	('Santa Elena', 19),
	('Talisay', 19),
	('Vinzons', 19),
	('Baao', 20),
	('Balatan', 20),
	('Bato', 20),
	('Bombon', 20),
	('Buhi', 20),
	('Bula', 20),
	('Cabusao', 20),
	('Calabanga', 20),
	('Camaligan', 20),
	('Canaman', 20),
	('Caramoan', 20),
	('Del Gallego', 20),
	('Gainza', 20),
	('Garchitorena', 20),
	('Goa', 20),
	('Iriga', 20),
	('Lagonoy', 20),
	('Libmanan', 20),
	('Lupi', 20),
	('Magarao', 20),
	('Milaor', 20),
	('Minalabac', 20),
	('Nabua', 20),
	('Naga', 20),
	('Ocampo', 20),
	('Pamplona', 20),
	('Pasacao', 20),
	('Pili', 20),
	('Presentacion', 20),
	('Ragay', 20),
	('Sagnay', 20),
	('San Fernando', 20),
	('San Jose', 20),
	('Sipocot', 20),
	('Siruma', 20),
	('Tigaon', 20),
	('Tinambac', 20),
	('Catarman', 21),
	('Guinsiliban', 21),
	('Mahinog', 21),
	('Mambajao', 21),
	('Sagay', 21),
	('Cuartero', 22),
	('Dao', 22),
	('Dumalag', 22),
	('Dumarao', 22),
	('Ivisan', 22),
	('Jamindan', 22),
	('Maayon', 22),
	('Mambusao', 22),
	('Panay', 22),
	('Painitan', 22),
	('Pilar', 22),
	('Pontevedra', 22),
	('President Roxas', 22),
	('Roxas City', 22),
	('Sapian', 22),
	('Sigma', 22),
	('Tapaz', 22),
	('Bagamanoc', 23),
	('Baras', 23),
	('Bato', 23),
	('Caramoran', 23),
	('Gigmoto', 23),
	('Pandan', 23),
	('Panganiban', 23),
	('San Andres', 23),
	('San Miguel', 23),
	('Viga', 23),
	('Virac', 23),
	('Trece Martires', 24),
	('Asturias', 25),
	('Alfonso', 24),
	('Amadeo', 24),
	('Bacoor', 24),
	('Carmona', 24),
	('Cavite City', 24),
	('Dasmarinas', 24),
	('Gen. Emilio Aguinaldo', 24),
	('Gen. Mariano Alvarez', 24),
	('Gen. Trias', 24),
	('Imus', 24),
	('Indang', 24),
	('Kawit', 24),
	('Magallanes', 24),
	('Maragondon', 24),
	('Mendez', 24),
	('Naic', 24),
	('Noveleta', 24),
	('Rosario', 24),
	('Silang', 24),
	('Tagaytay', 24),
	('Tanza', 24),
	('Ternate', 24),
	('Badian', 25),
	('Balamban', 25),
	('Bantayan', 25),
	('Barili', 25),
	('Bogo', 25),
	('Boljoon', 25),
	('Borbon', 25),
	('Carcar', 25),
	('Carmen', 25),
	('Catmon', 25),
	('Cebu City', 25),
	('Compostela', 25),
	('Consolacion', 25),
	('Cordova', 25),
	('Daanbantayan', 25),
	('Dalaguete', 25),
	('Danao', 25),
	('Dumanjug', 25),
	('Ginatilan', 25),
	('Lapu-Lapu', 25),
	('Liloan', 25),
	('Madridejos', 25),
	('Malabuyoc', 25),
	('Mandaue', 25),
	('Medellin', 25),
	('Minglanilla', 25),
	('Moalboal', 25),
	('Naga', 25),
	('Oslob', 25),
	('Pilar', 25),
	('Pinamungajan', 25),
	('Poro', 25),
	('Ronda', 25),
	('Samboan', 25),
	('San Fernando', 25),
	('San Francisco', 25),
	('San Remigio', 25),
	('Santa Fe', 25),
	('Santander', 25),
	('Sibonga', 25),
	('Sogod', 25),
	('Tabogon', 25),
	('Tabuelan', 25),
	('Talisay', 25),
	('Toledo', 25),
	('Tuburan', 25),
	('Tudela', 25),
	('Laak', 26),
	('Mabini', 26),
	('Maco', 26),
	('Maragusan', 26),
	('Mawab', 26),
	('Monkayo', 26),
	('Montevista', 26),
	('Nabunturan', 26),
	('New Bataan', 26),
	('Pantukan', 26),
	('Alamada', 27),
	('Aleosan', 27),
	('Antipas', 27),
	('Arakan', 27),
	('Banisilan', 27),
	('Carmen', 27),
	('Kabacan', 27),
	('Kidapawan', 27),
	('Libungan', 27),
	('M\'lang', 27),
	('Magpet', 27),
	('Makilala', 27),
	('Matalam', 27),
	('Midsayap', 27),
	('Pigcawayan', 27),
	('Pikit', 27),
	('President Roxas', 27),
	('Tulunan', 27),
	('Asuncion', 28),
	('Braulio E. Dujali', 28),
	('Carmen', 28),
	('Kapalong', 28),
	('New Corella', 28),
	('Panabo', 28),
	('Samal', 28),
	('San Isidro', 28),
	('Santo Tomas', 28),
	('Tagum', 28),
	('Talaingod', 28),
	('Bansalan', 29),
	('Davao City', 29),
	('Digos', 29),
	('Hagonoy', 29),
	('Kiblawan', 29),
	('Magsaysay', 29),
	('Malalag', 29),
	('Matanao', 29),
	('Padada', 29),
	('Santa Cruz', 29),
	('Sulop', 29),
	('Don Marcelino', 30),
	('Jose Abad Santos', 30),
	('Malita', 30),
	('Santa Maria', 30),
	('Sarangani', 30),
	('Baganga', 31),
	('Banaybanay', 31),
	('Boston', 31),
	('Caraga', 31),
	('Cateel', 31),
	('Governor Generoso', 31),
	('Lupon', 31),
	('Manay', 31),
	('Mati', 31),
	('San Isidro', 31),
	('Tarragona', 31),
	('Basilisa', 32),
	('Cagdianao', 32),
	('Dinagat', 32),
	('Libjo', 32),
	('Loreto', 32),
	('San Jose', 32),
	('Tubajon', 32),
	('Arteche', 33),
	('Balangiga', 33),
	('Balangkayan', 33),
	('Borongan', 33),
	('Can-avid', 33),
	('Dolores', 33),
	('General MacArthur', 33),
	('Giporlos', 33),
	('Guiuan', 33),
	('Hernani', 33),
	('Jipapad', 33),
	('Lawaan', 33),
	('Llorente', 33),
	('Maslog', 33),
	('Maydolong', 33),
	('Mercedes', 33),
	('Oras', 33),
	('Quinapondan', 33),
	('Salcedo', 33),
	('San Julian', 33),
	('San Policarpo', 33),
	('Sulat', 33),
	('Taft', 33),
	('Buenavista', 34),
	('Jordan', 34),
	('Nueva Valencia', 34),
	('San Lorenzo', 34),
	('Sibunag', 34),
	('Aguinaldo', 35),
	('Alfonso Lista', 35),
	('Asipulo', 35),
	('Banaue', 35),
	('Hingyon', 35),
	('Hungduan', 35),
	('Kiangan', 35),
	('Lagawe', 35),
	('Lamut', 35),
	('Mayoyao', 35),
	('Tinoc', 35),
	('Adams', 36),
	('Bacarra', 36),
	('Badoc', 36),
	('Bangui', 36),
	('Banna', 36),
	('Batac', 36),
	('Burgos', 36),
	('Carasi', 36),
	('Currimao', 36),
	('Dingras', 36),
	('Dumalneg', 36),
	('Laoag', 36),
	('Marcos', 36),
	('Nueva Era', 36),
	('Pagudpud', 36),
	('Paoay', 36),
	('Pasuquin', 36),
	('Piddig', 36),
	('Pinili', 36),
	('San Nicolas', 36),
	('Sarrat', 36),
	('Solsona', 36),
	('Vintar', 36),
	('Alilem', 37),
	('Banayoyo', 37),
	('Bantay', 37),
	('Burgos', 37),
	('Cabugao', 37),
	('Candon', 37),
	('Caoayan', 37),
	('Cervantes', 37),
	('Galimuyod', 37),
	('Gregorio del Pilar', 37),
	('Ajuy', 38),
	('Alimodian', 38),
	('Anilao', 38),
	('Badiangan', 38),
	('Balasan', 38),
	('Banate', 38),
	('Barotac Nuevo', 38),
	('Barotac Viejo', 38),
	('Batad', 38),
	('Bingawan', 38),
	('Alicia', 39),
	('Angadanan', 39),
	('Aurora', 39),
	('Benito Soliven', 39),
	('Burgos', 39),
	('Cabagan', 39),
	('Cabatuan', 39),
	('Cauayan', 39),
	('Cordon', 39),
	('Delfin Albano', 39),
	('Balbalan', 40),
	('Lubuagan', 40),
	('Pasil', 40),
	('Pinukpuk', 40),
	('Rizal', 40),
	('Tabuk', 40),
	('Tanudan', 40),
	('Tinglayan', 40),
	('Agoo', 41),
	('Aringay', 41),
	('Bacnotan', 41),
	('Bagulin', 41),
	('Balaoan', 41),
	('Bangar', 41),
	('Bauang', 41),
	('Burgos', 41),
	('Caba', 41),
	('Luna', 41),
	('Alaminos', 42),
	('Bay', 42),
	('Binan', 42),
	('Cabuyao', 42),
	('Calamba', 42),
	('Calauan', 42),
	('Cavinti', 42),
	('Famy', 42),
	('Kalayaan', 42),
	('Liliw', 42),
	('Bacolod', 43),
	('Baloi', 43),
	('Baroy', 43),
	('Iligan', 43),
	('Kapatagan', 43),
	('Kauswagan', 43),
	('Kolambugan', 43),
	('Lala', 43),
	('Linamon', 43),
	('Magsaysay', 43),
	('Amai Manabilang (Bumbaran)', 44),
	('Bacolod-Kalawi (Bacolod-Grande)', 44),
	('Balabagan', 44),
	('Balindong (Watu)', 44),
	('Bayang', 44),
	('Binidayan', 44),
	('Buadiposo-Buntong', 44),
	('Bubong', 44),
	('Butig', 44),
	('Calanogas', 44),
	('Abuyog', 45),
	('Alangalang', 45),
	('Albuera', 45),
	('Babatngon', 45),
	('Barugo', 45),
	('Bato', 45),
	('Baybay', 45),
	('Burauen', 45),
	('Calubian', 45),
	('Capoocan', 45),
	('Ampatuan', 46),
	('Barira', 46),
	('Buldon', 46),
	('Buluan', 46),
	('Cotabato City', 46),
	('Datu Abdullah Sangki', 46),
	('Datu Anggal Midtimbang', 46),
	('Datu Blah T. Sinsuat', 46),
	('Datu Hoffer Ampatuan', 46),
	('Datu Montawal', 46),
	('Boac', 47),
	('Buenavista', 47),
	('Gasan', 47),
	('Mogpog', 47),
	('Santa Cruz', 47),
	('Torrijos', 47),
	('Aroroy', 48),
	('Baleno', 48),
	('Balud', 48),
	('Batuan', 48),
	('Cataingan', 48),
	('Cawayan', 48),
	('Claveria', 48),
	('Dimasalang', 48),
	('Esperanza', 48),
	('Mandaon', 48),
	('Aloran', 50),
	('Baliangao', 50),
	('Bonifacio', 50),
	('Calamba', 50),
	('Clarin', 50),
	('Concepcion', 50),
	('Don Victoriano Chiongbian', 50),
	('Jimenez', 50),
	('Lopez Jaena', 50),
	('Oroquieta', 50),
	('Alubijid', 51),
	('Balingasag', 51),
	('Balingoan', 51),
	('Binuangan', 51),
	('Cagayan de Oro', 51),
	('Claveria', 51),
	('El Salvador', 51),
	('Gingoog', 51),
	('Gitagum', 51),
	('Initao', 51),
	('Barlig', 52),
	('Bauko', 52),
	('Besao', 52),
	('Bontoc', 52),
	('Natonin', 52),
	('Paracelis', 52),
	('Sabangan', 52),
	('Sadanga', 52),
	('Sagada', 52),
	('Tadian', 52),
	('Bacolod', 53),
	('Bago', 53),
	('Binalbagan', 53),
	('Cadiz', 53),
	('Calatrava', 53),
	('Candoni', 53),
	('Cauayan', 53),
	('Enrique B. Magalona', 53),
	('Escalante', 53),
	('Himamaylan', 53),
	('Amlan', 54),
	('Ayungon', 54),
	('Bacong', 54),
	('Bais', 54),
	('Basay', 54),
	('Bayawan', 54),
	('Bindoy', 54),
	('Canlaon', 54),
	('Dauin', 54),
	('Dumaguete', 54),
	('Allen', 55),
	('Biri', 55),
	('Bobon', 55),
	('Capul', 55),
	('Catarman', 55),
	('Catubig', 55),
	('Gamay', 55),
	('Laoang', 55),
	('Lapinig', 55),
	('Las Navas', 55),
	('Aliaga', 56),
	('Bongabon', 56),
	('Cabanatuan', 56),
	('Cabiao', 56),
	('Carranglan', 56),
	('Cuyapo', 56),
	('Gabaldon', 56),
	('Gapan', 56),
	('Gen. Mamerto Natividad', 56),
	('Gen. Tinio', 56),
	('Abra de Ilog', 57),
	('Calintaan', 57),
	('Looc', 57),
	('Lubang', 57),
	('Magsaysay', 57),
	('Mamburao', 57),
	('Paluan', 57),
	('Rizal', 57),
	('Sablayan', 57),
	('San Jose', 57),
	('Baco', 58),
	('Bansud', 58),
	('Bongabong', 58),
	('Bulalacao', 58),
	('Calapan', 58),
	('Gloria', 58),
	('Mansalay', 58),
	('Naujan', 58),
	('Pinamalayan', 58),
	('Pola', 58),
	('Aborlan', 59),
	('Agutaya', 59),
	('Araceli', 59),
	('Balabac', 59),
	('Bataraza', 59),
	('Brooke\'s Point', 59),
	('Busuanga', 59),
	('Cagayancillo', 59),
	('Coron', 59),
	('Culion', 59),
	('Angeles', 60),
	('Apalit', 60),
	('Arayat', 60),
	('Bacolor', 60),
	('Candaba', 60),
	('Floridablanca', 60),
	('Guagua', 60),
	('Lubao', 60),
	('Mabalacat', 60),
	('Macabebe', 60),
	('Agno', 61),
	('Aguilar', 61),
	('Alaminos', 61),
	('Alcala', 61),
	('Anda', 61),
	('Asingan', 61),
	('Balungao', 61),
	('Bani', 61),
	('Basista', 61),
	('Bautista', 61),
	('Agdangan', 62),
	('Alabat', 62),
	('Atimonan', 62),
	('Buenavista', 62),
	('Burdeos', 62),
	('Calauag', 62),
	('Candelaria', 62),
	('Catanauan', 62),
	('Dolores', 62),
	('General Luna', 62),
	('Aglipay', 63),
	('Cabarroguis', 63),
	('Diffun', 63),
	('Maddela', 63),
	('Nagtipunan', 63),
	('Saguday', 63),
	('Angono', 64),
	('Antipolo', 64),
	('Baras', 64),
	('Binangonan', 64),
	('Cainta', 64),
	('Cardona', 64),
	('Jalajala', 64),
	('Morong', 64),
	('Pililla', 64),
	('Rodriguez', 64),
	('Alcantara', 65),
	('Banton', 65),
	('Cajidiocan', 65),
	('Calatrava', 65),
	('Concepcion', 65),
	('Corcuera', 65),
	('Ferrol', 65),
	('Looc', 65),
	('Magdiwang', 65),
	('Odiongan', 65),
	('Almagro', 66),
	('Basey', 66),
	('Calbayog', 66),
	('Calbiga', 66),
	('Catbalogan', 66),
	('Daram', 66),
	('Gandara', 66),
	('Hinabangan', 66),
	('Jiabong', 66),
	('Marabut', 66),
	('Alabel', 67),
	('Glan', 67),
	('Kiamba', 67),
	('Maasim', 67),
	('Maitum', 67),
	('Malapatan', 67),
	('Malungon', 67),
	('Enrique Villanueva', 68),
	('Larena', 68),
	('Lazi', 68),
	('Maria', 68),
	('San Juan', 68),
	('Siquijor', 68),
	('Barcelona', 69),
	('Bulan', 69),
	('Bulusan', 69),
	('Casiguran', 69),
	('Castilla', 69),
	('Donsol', 69),
	('Gubat', 69),
	('Irosin', 69),
	('Juban', 69),
	('Magallanes', 69),
	('Banga', 70),
	('General Santos', 70),
	('Koronadal', 70),
	('Lake Sebu', 70),
	('Norala', 70),
	('Polomolok', 70),
	('Santo Nino', 70),
	('Surallah', 70),
	('T\'Boli', 70),
	('Tampakan', 70),
	('Anahawan', 71),
	('Bontoc', 71),
	('Hinunganan', 71),
	('Libagon', 71),
	('Liloan', 71),
	('Limasawa', 71),
	('Maasin', 71),
	('Macrohon', 71),
	('Malitbog', 71),
	('Padre Burgos', 71),
	('Bagumbayan', 72),
	('Columbio', 72),
	('Esperanza', 72),
	('Isulan', 72),
	('Kalamansig', 72),
	('Lambayong', 72),
	('Lebak', 72),
	('Lutayan', 72),
	('Palimbang', 72),
	('President Quirino', 72),
	('Banguingui', 73),
	('Hadji Panglima Tahil', 73),
	('Indanan', 73),
	('Jolo', 73),
	('Kalingalan Caluang', 73),
	('Lugus', 73),
	('Luuk', 73),
	('Maimbung', 73),
	('Old Panamao', 73),
	('Omar', 73),
	('Alegria', 74),
	('Bacuag', 74),
	('Burgos', 74),
	('Claver', 74),
	('Dapa', 74),
	('Del Carmen', 74),
	('General Luna', 74),
	('Gigaquit', 74),
	('Mainit', 74),
	('Malimono', 74),
	('Barobo', 75),
	('Bayabas', 75),
	('Bislig', 75),
	('Cagwait', 75),
	('Cantilan', 75),
	('Carmen', 75),
	('Carrascal', 75),
	('Cortes', 75),
	('Hinatuan', 75),
	('Lanuza', 75),
	('Lianga', 75),
	('Anao', 76),
	('Bamban', 76),
	('Camiling', 76),
	('Capas', 76),
	('Concepcion', 76),
	('Gerona', 76),
	('La Paz', 76),
	('Mayantoc', 76),
	('Moncada', 76),
	('Paniqui', 76),
	('Bongao', 77),
	('Languyan', 77),
	('Mapun', 77),
	('Panglima Sugala', 77),
	('Sapa-Sapa', 77),
	('Sibutu', 77),
	('Simunul', 77),
	('Sitangkai', 77),
	('South Ubian', 77),
	('Tandubas', 77),
	('Botolan', 78),
	('Cabangan', 78),
	('Candelaria', 78),
	('Iba', 78),
	('Masinloc', 78),
	('Olongapo', 78),
	('Palauig', 78),
	('San Antonio', 78),
	('San Felipe', 78),
	('San Marcelino', 78),
	('Baliguian', 79),
	('Dapitan', 79),
	('Dipolog', 79),
	('Godod', 79),
	('Gutalac', 79),
	('Jose Dalman', 79),
	('Kalawit', 79),
	('Katipunan', 79),
	('La Libertad', 79),
	('Labason', 79),
	('Aurora', 80),
	('Bayog', 80),
	('Dimataling', 80),
	('Dinas', 80),
	('Dumalinao', 80),
	('Dumingag', 80),
	('Guipos', 80),
	('Josefina', 80),
	('Kumalarang', 80),
	('Alicia', 81),
	('Buug', 81),
	('Diplahan', 81),
	('Imelda', 81),
	('Ipil', 81),
	('Kabasalan', 81),
	('Mabuhay', 81),
	('Malangas', 81),
	('Naga', 81),
	('Olutanga', 81),
	('Bangued', 1),
	('Boliney', 1),
	('Buenavista', 2),
	('Tubay', 2),
	('Bayugan', 3),
	('Bunawan', 3),
	('Altavas', 4),
	('Balete', 4),
	('Bacacay', 5),
	('Camalig', 5),
	('Bucay', 1),
	('Bucloc', 1),
	('Daguioman', 1),
	('Danglas', 1),
	('Dolores', 1),
	('La Paz', 1),
	('Lacub', 1),
	('Lagangilang', 1),
	('Lagayan', 1),
	('Langiden', 1),
	('Licuan-Baay', 1),
	('Luba', 1),
	('Malibcong', 1),
	('Manabo', 1),
	('Penarrubia', 1),
	('Pidigan', 1),
	('Pilar', 1),
	('Sallapadan', 1),
	('San Isidro', 1),
	('San Juan', 1),
	('San Quintin', 1),
	('Tayum', 1),
	('Tineg', 1),
	('Tubo', 1),
	('Butuan', 2),
	('Cabadbaran', 2),
	('Carmen', 2),
	('Jabonga', 2),
	('Kitcharao', 2),
	('Las Nieves', 2),
	('Magallanes', 2),
	('Nasipit', 2),
	('Remedios Romualdez', 2),
	('Santiago', 2),
	('Esperanza', 3),
	('La Paz', 3),
	('Loreto', 3),
	('Prosperidad', 3),
	('Rosario', 3),
	('San Francisco', 3),
	('San Luis', 3),
	('Santa Josefa', 3),
	('Sibagat', 3),
	('Talacogon', 3),
	('Trento', 3),
	('Veruela', 3),
	('Banga', 4),
	('Batan', 4),
	('Buruanga', 4),
	('Ibajay', 4),
	('Kalibo', 4),
	('Lezo', 4),
	('Libacao', 4),
	('Madalag', 4),
	('Makato', 4),
	('Malay', 4),
	('Malinao', 4),
	('Nabas', 4),
	('New Washington', 4),
	('Numancia', 4),
	('Tangalan', 4),
	('Daraga', 5),
	('Guinobatan', 5),
	('Jovellar', 5),
	('Legazpi', 5),
	('Libon', 5),
	('Ligao', 5),
	('Malilipot', 5),
	('Malinao', 5),
	('Manito', 5),
	('Oas', 5),
	('Pio Duran', 5),
	('Polangui', 5),
	('Rapu-Rapu', 5),
	('Santo Domingo', 5),
	('Tabaco', 5),
	('Tiwi', 5),
	('Anini-y', 6),
	('Barbaza', 6),
	('Belison', 6),
	('Bugasong', 6),
	('Caluya', 6),
	('Culasi', 6),
	('Hamtic', 6),
	('Laua-an', 6),
	('Libertad', 6),
	('Pandan', 6),
	('Patnongon', 6),
	('San Jose de Buenavista', 6),
	('San Remigio', 6),
	('Sebaste', 6),
	('Sibalom', 6),
	('Tibiao', 6),
	('Tobias Fornier', 6),
	('Valderrama', 6),
	('Calanasan', 7),
	('Conner', 7),
	('Flora', 7),
	('Kabugao', 7),
	('Luna', 7),
	('Pudtol', 7),
	('Santa Marcela', 7),
	('Baler', 8),
	('Casiguran', 8),
	('Dinalungan', 8),
	('Dingalan', 8),
	('Dipaculao', 8),
	('Maria Aurora', 8),
	('San Luis', 8),
	('Akbar', 9),
	('Al-Barka', 9),
	('Hadji Mohammad Ajul', 9),
	('Hadji Muhtamad', 9),
	('Isabela City', 9),
	('Lamitan', 9),
	('Lantawan', 9),
	('Maluso', 9),
	('Sumisip', 9),
	('Tabuan-Lasa', 9),
	('Tipo-Tipo', 9),
	('Tuburan', 9),
	('Ungkaya Pukan', 9),
	('Abucay', 10),
	('Bagac', 10),
	('Balanga', 10),
	('Dinalupihan', 10),
	('Hermosa', 10),
	('Limay', 10),
	('Mariveles', 10),
	('Morong', 10),
	('Orani', 10),
	('Orion', 10),
	('Pilar', 10),
	('Samal', 10),
	('Basco', 11),
	('Itbayat', 11),
	('Ivana', 11),
	('Mahatao', 11),
	('Sabtang', 11),
	('Uyugan', 11),
	('Caloocan', 49),
	('Las Pinas', 49),
	('Makati', 49),
	('Malabon', 49),
	('Mandaluyong', 49),
	('Manila', 49),
	('Marikina', 49),
	('Muntinlupa', 49),
	('Navotas', 49),
	('Paranaque', 49),
	('Pasay', 49),
	('Pasig', 49),
	('Pateros', 49),
	('Quezon City', 49),
	('San Juan', 49),
	('Taguig', 49),
	('Valenzuela', 49),
	('Alcantara', 25),
	('Alcoy', 25),
	('Alegria', 25),
	('Aloguinsan', 25),
	('Argao', 25),
	('Agoncillo', 12),
	('Alitagtag', 12),
	('Balayan', 12),
	('Balete', 12),
	('Batangas City', 12),
	('Bauan', 12),
	('Calaca', 12),
	('Calatagan', 12),
	('Cuenca', 12),
	('Ibaan', 12),
	('Laurel', 12),
	('Lemery', 12),
	('Lian', 12),
	('Lipa', 12),
	('Lobo', 12),
	('Mabini', 12),
	('Malvar', 12),
	('Mataasnakahoy', 12),
	('Nasugbu', 12),
	('Padre Garcia', 12),
	('Rosario', 12),
	('San Jose', 12),
	('San Juan', 12),
	('San Luis', 12),
	('San Nicolas', 12),
	('San Pascual', 12),
	('Santa Teresita', 12),
	('Santo Thomas', 12),
	('Taal', 12),
	('Talisay', 12),
	('Tanauan', 12),
	('Taysan', 12),
	('Tingloy', 12),
	('Tuy', 12),
	('Atok', 13),
	('Baguio', 13),
	('Bakun', 13),
	('Bokod', 13),
	('Buguias', 13),
	('Itogon', 13),
	('Kabayan', 13),
	('Kapangan', 13),
	('Kibungan', 13),
	('La Trinidad', 13),
	('Mankayan', 13),
	('Sablan', 13),
	('Tuba', 13),
	('Tublay', 13),
	('Almeria', 14),
	('Biliran', 14),
	('Cabucgayan', 14),
	('Caibiran', 14),
	('Culaba', 14),
	('Kawayan', 14),
	('Maripipi', 14),
	('Naval', 14),
	('Alburquerque', 15),
	('Alicia', 15),
	('Anda', 15),
	('Antequera', 15),
	('Baclayon', 15),
	('Balilihan', 15),
	('Batuan', 15),
	('Bien Unido', 15),
	('Bilar', 15),
	('Buenavista', 15),
	('Calape', 15),
	('Candijay', 15),
	('Carmen', 15),
	('Catigbian', 15),
	('Clarin', 15),
	('Corella', 15),
	('Cortes', 15),
	('Dagohoy', 15),
	('Danao', 15),
	('Dauis', 15),
	('Dimiao', 15),
	('Duero', 15),
	('Garcia Hernandez', 15),
	('Getafe', 15),
	('Guindulman', 15),
	('Inabanga', 15),
	('Jagna', 15),
	('Lila', 15),
	('Loay', 15),
	('Loboc', 15),
	('Loon', 15),
	('Mabini', 15),
	('Maribojoc', 15),
	('Panglao', 15),
	('Pilar', 15),
	('Pres. Carlos P. Garcia', 15),
	('Sagbayan', 15),
	('San Isidro', 15),
	('San Miguel', 15),
	('Sevilla', 15),
	('Sierra Bullones', 15),
	('Sikatuna', 15),
	('Tagbilaran', 15),
	('Talibon', 15),
	('Trinidad', 15),
	('Tubigon', 15),
	('Ubay', 15),
	('Valencia', 15),
	('Baungon', 16),
	('Cabanglasan', 16),
	('Damulog', 16),
	('Dangcagan', 16),
	('Don Carlos', 16),
	('Impasugong', 16),
	('Kadingilan', 16),
	('Kalilangan', 16),
	('Kibawe', 16),
	('Kitaotao', 16),
	('Lantapan', 16),
	('Libona', 16),
	('Malaybalay', 16),
	('Malitbog', 16),
	('Manolo Fortich', 16),
	('Maramag', 16),
	('Pangantucan', 16),
	('Quezon', 16),
	('San Fernando', 16),
	('Sumilao', 16),
	('Talakag', 16),
	('Valencia', 16),
	('Angat', 17),
	('Balagtas', 17),
	('Baliuag', 17),
	('Bocaue', 17),
	('Bulakan', 17),
	('Bustos', 17),
	('Calumpit', 17),
	('Dona Remedios Trinidad', 17),
	('Guiguinto', 17),
	('Hagonoy', 17),
	('Malolos', 17),
	('Marilao', 17),
	('Meycauayan', 17),
	('Norzagaray', 17),
	('Obando', 17),
	('Pandi', 17),
	('Paombong', 17),
	('Plaridel', 17),
	('Pulilan', 17),
	('San Ildefonso', 17),
	('San Jose del Monte', 17),
	('San Miguel', 17),
	('San Rafael', 17),
	('Santa Maria', 17),
	('Abulug', 18),
	('Alcala', 18),
	('Allacapan', 18),
	('Amulung', 18),
	('Aparri', 18),
	('Baggao', 18),
	('Ballesteros', 18),
	('Buguey', 18),
	('Calayan', 18),
	('Camalaniugan', 18),
	('Claveria', 18),
	('Enrile', 18),
	('Gattaran', 18),
	('Gonzaga', 18),
	('Iguig', 18),
	('Lal-lo', 18),
	('Lasam', 18),
	('Pamplona', 18),
	('Penablanca', 18),
	('Piat', 18),
	('Rizal', 18),
	('Sanchez-Mira', 18),
	('Santa Ana', 18),
	('Santa Praxedes', 18),
	('Santa Teresita', 18),
	('Santo Nino', 18),
	('Solana', 18),
	('Tuao', 18),
	('Tuguegarao', 18),
	('Basud', 19),
	('Capalonga', 19),
	('Daet', 19),
	('Jose Panganiban', 19),
	('Labo', 19),
	('Mercedes', 19),
	('Paracale', 19),
	('San Lorenzo Ruiz', 19),
	('San Vicente', 19),
	('Santa Elena', 19),
	('Talisay', 19),
	('Vinzons', 19),
	('Baao', 20),
	('Balatan', 20),
	('Bato', 20),
	('Bombon', 20),
	('Buhi', 20),
	('Bula', 20),
	('Cabusao', 20),
	('Calabanga', 20),
	('Camaligan', 20),
	('Canaman', 20),
	('Caramoan', 20),
	('Del Gallego', 20),
	('Gainza', 20),
	('Garchitorena', 20),
	('Goa', 20),
	('Iriga', 20),
	('Lagonoy', 20),
	('Libmanan', 20),
	('Lupi', 20),
	('Magarao', 20),
	('Milaor', 20),
	('Minalabac', 20),
	('Nabua', 20),
	('Naga', 20),
	('Ocampo', 20),
	('Pamplona', 20),
	('Pasacao', 20),
	('Pili', 20),
	('Presentacion', 20),
	('Ragay', 20),
	('Sagnay', 20),
	('San Fernando', 20),
	('San Jose', 20),
	('Sipocot', 20),
	('Siruma', 20),
	('Tigaon', 20),
	('Tinambac', 20),
	('Catarman', 21),
	('Guinsiliban', 21),
	('Mahinog', 21),
	('Mambajao', 21),
	('Sagay', 21),
	('Cuartero', 22),
	('Dao', 22),
	('Dumalag', 22),
	('Dumarao', 22),
	('Ivisan', 22),
	('Jamindan', 22),
	('Maayon', 22),
	('Mambusao', 22),
	('Panay', 22),
	('Painitan', 22),
	('Pilar', 22),
	('Pontevedra', 22),
	('President Roxas', 22),
	('Roxas City', 22),
	('Sapian', 22),
	('Sigma', 22),
	('Tapaz', 22),
	('Bagamanoc', 23),
	('Baras', 23),
	('Bato', 23),
	('Caramoran', 23),
	('Gigmoto', 23),
	('Pandan', 23),
	('Panganiban', 23),
	('San Andres', 23),
	('San Miguel', 23),
	('Viga', 23),
	('Virac', 23),
	('Trece Martires', 24),
	('Asturias', 25),
	('Alfonso', 24),
	('Amadeo', 24),
	('Bacoor', 24),
	('Carmona', 24),
	('Cavite City', 24),
	('Dasmarinas', 24),
	('Gen. Emilio Aguinaldo', 24),
	('Gen. Mariano Alvarez', 24),
	('Gen. Trias', 24),
	('Imus', 24),
	('Indang', 24),
	('Kawit', 24),
	('Magallanes', 24),
	('Maragondon', 24),
	('Mendez', 24),
	('Naic', 24),
	('Noveleta', 24),
	('Rosario', 24),
	('Silang', 24),
	('Tagaytay', 24),
	('Tanza', 24),
	('Ternate', 24),
	('Badian', 25),
	('Balamban', 25),
	('Bantayan', 25),
	('Barili', 25),
	('Bogo', 25),
	('Boljoon', 25),
	('Borbon', 25),
	('Carcar', 25),
	('Carmen', 25),
	('Catmon', 25),
	('Cebu City', 25),
	('Compostela', 25),
	('Consolacion', 25),
	('Cordova', 25),
	('Daanbantayan', 25),
	('Dalaguete', 25),
	('Danao', 25),
	('Dumanjug', 25),
	('Ginatilan', 25),
	('Lapu-Lapu', 25),
	('Liloan', 25),
	('Madridejos', 25),
	('Malabuyoc', 25),
	('Mandaue', 25),
	('Medellin', 25),
	('Minglanilla', 25),
	('Moalboal', 25),
	('Naga', 25),
	('Oslob', 25),
	('Pilar', 25),
	('Pinamungajan', 25),
	('Poro', 25),
	('Ronda', 25),
	('Samboan', 25),
	('San Fernando', 25),
	('San Francisco', 25),
	('San Remigio', 25),
	('Santa Fe', 25),
	('Santander', 25),
	('Sibonga', 25),
	('Sogod', 25),
	('Tabogon', 25),
	('Tabuelan', 25),
	('Talisay', 25),
	('Toledo', 25),
	('Tuburan', 25),
	('Tudela', 25),
	('Laak', 26),
	('Mabini', 26),
	('Maco', 26),
	('Maragusan', 26),
	('Mawab', 26),
	('Monkayo', 26),
	('Montevista', 26),
	('Nabunturan', 26),
	('New Bataan', 26),
	('Pantukan', 26),
	('Alamada', 27),
	('Aleosan', 27),
	('Antipas', 27),
	('Arakan', 27),
	('Banisilan', 27),
	('Carmen', 27),
	('Kabacan', 27),
	('Kidapawan', 27),
	('Libungan', 27),
	('M\'lang', 27),
	('Magpet', 27),
	('Makilala', 27),
	('Matalam', 27),
	('Midsayap', 27),
	('Pigcawayan', 27),
	('Pikit', 27),
	('President Roxas', 27),
	('Tulunan', 27),
	('Asuncion', 28),
	('Braulio E. Dujali', 28),
	('Carmen', 28),
	('Kapalong', 28),
	('New Corella', 28),
	('Panabo', 28),
	('Samal', 28),
	('San Isidro', 28),
	('Santo Tomas', 28),
	('Tagum', 28),
	('Talaingod', 28),
	('Bansalan', 29),
	('Davao City', 29),
	('Digos', 29),
	('Hagonoy', 29),
	('Kiblawan', 29),
	('Magsaysay', 29),
	('Malalag', 29),
	('Matanao', 29),
	('Padada', 29),
	('Santa Cruz', 29),
	('Sulop', 29),
	('Don Marcelino', 30),
	('Jose Abad Santos', 30),
	('Malita', 30),
	('Santa Maria', 30),
	('Sarangani', 30),
	('Baganga', 31),
	('Banaybanay', 31),
	('Boston', 31),
	('Caraga', 31),
	('Cateel', 31),
	('Governor Generoso', 31),
	('Lupon', 31),
	('Manay', 31),
	('Mati', 31),
	('San Isidro', 31),
	('Tarragona', 31),
	('Basilisa', 32),
	('Cagdianao', 32),
	('Dinagat', 32),
	('Libjo', 32),
	('Loreto', 32),
	('San Jose', 32),
	('Tubajon', 32),
	('Arteche', 33),
	('Balangiga', 33),
	('Balangkayan', 33),
	('Borongan', 33),
	('Can-avid', 33),
	('Dolores', 33),
	('General MacArthur', 33),
	('Giporlos', 33),
	('Guiuan', 33),
	('Hernani', 33),
	('Jipapad', 33),
	('Lawaan', 33),
	('Llorente', 33),
	('Maslog', 33),
	('Maydolong', 33),
	('Mercedes', 33),
	('Oras', 33),
	('Quinapondan', 33),
	('Salcedo', 33),
	('San Julian', 33),
	('San Policarpo', 33),
	('Sulat', 33),
	('Taft', 33),
	('Buenavista', 34),
	('Jordan', 34),
	('Nueva Valencia', 34),
	('San Lorenzo', 34),
	('Sibunag', 34),
	('Aguinaldo', 35),
	('Alfonso Lista', 35),
	('Asipulo', 35),
	('Banaue', 35),
	('Hingyon', 35),
	('Hungduan', 35),
	('Kiangan', 35),
	('Lagawe', 35),
	('Lamut', 35),
	('Mayoyao', 35),
	('Tinoc', 35),
	('Adams', 36),
	('Bacarra', 36),
	('Badoc', 36),
	('Bangui', 36),
	('Banna', 36),
	('Batac', 36),
	('Burgos', 36),
	('Carasi', 36),
	('Currimao', 36),
	('Dingras', 36),
	('Dumalneg', 36),
	('Laoag', 36),
	('Marcos', 36),
	('Nueva Era', 36),
	('Pagudpud', 36),
	('Paoay', 36),
	('Pasuquin', 36),
	('Piddig', 36),
	('Pinili', 36),
	('San Nicolas', 36),
	('Sarrat', 36),
	('Solsona', 36),
	('Vintar', 36),
	('Alilem', 37),
	('Banayoyo', 37),
	('Bantay', 37),
	('Burgos', 37),
	('Cabugao', 37),
	('Candon', 37),
	('Caoayan', 37),
	('Cervantes', 37),
	('Galimuyod', 37),
	('Gregorio del Pilar', 37),
	('Ajuy', 38),
	('Alimodian', 38),
	('Anilao', 38),
	('Badiangan', 38),
	('Balasan', 38),
	('Banate', 38),
	('Barotac Nuevo', 38),
	('Barotac Viejo', 38),
	('Batad', 38),
	('Bingawan', 38),
	('Alicia', 39),
	('Angadanan', 39),
	('Aurora', 39),
	('Benito Soliven', 39),
	('Burgos', 39),
	('Cabagan', 39),
	('Cabatuan', 39),
	('Cauayan', 39),
	('Cordon', 39),
	('Delfin Albano', 39),
	('Balbalan', 40),
	('Lubuagan', 40),
	('Pasil', 40),
	('Pinukpuk', 40),
	('Rizal', 40),
	('Tabuk', 40),
	('Tanudan', 40),
	('Tinglayan', 40),
	('Agoo', 41),
	('Aringay', 41),
	('Bacnotan', 41),
	('Bagulin', 41),
	('Balaoan', 41),
	('Bangar', 41),
	('Bauang', 41),
	('Burgos', 41),
	('Caba', 41),
	('Luna', 41),
	('Alaminos', 42),
	('Bay', 42),
	('Binan', 42),
	('Cabuyao', 42),
	('Calamba', 42),
	('Calauan', 42),
	('Cavinti', 42),
	('Famy', 42),
	('Kalayaan', 42),
	('Liliw', 42),
	('Bacolod', 43),
	('Baloi', 43),
	('Baroy', 43),
	('Iligan', 43),
	('Kapatagan', 43),
	('Kauswagan', 43),
	('Kolambugan', 43),
	('Lala', 43),
	('Linamon', 43),
	('Magsaysay', 43),
	('Amai Manabilang (Bumbaran)', 44),
	('Bacolod-Kalawi (Bacolod-Grande)', 44),
	('Balabagan', 44),
	('Balindong (Watu)', 44),
	('Bayang', 44),
	('Binidayan', 44),
	('Buadiposo-Buntong', 44),
	('Bubong', 44),
	('Butig', 44),
	('Calanogas', 44),
	('Abuyog', 45),
	('Alangalang', 45),
	('Albuera', 45),
	('Babatngon', 45),
	('Barugo', 45),
	('Bato', 45),
	('Baybay', 45),
	('Burauen', 45),
	('Calubian', 45),
	('Capoocan', 45),
	('Ampatuan', 46),
	('Barira', 46),
	('Buldon', 46),
	('Buluan', 46),
	('Cotabato City', 46),
	('Datu Abdullah Sangki', 46),
	('Datu Anggal Midtimbang', 46),
	('Datu Blah T. Sinsuat', 46),
	('Datu Hoffer Ampatuan', 46),
	('Datu Montawal', 46),
	('Boac', 47),
	('Buenavista', 47),
	('Gasan', 47),
	('Mogpog', 47),
	('Santa Cruz', 47),
	('Torrijos', 47),
	('Aroroy', 48),
	('Baleno', 48),
	('Balud', 48),
	('Batuan', 48),
	('Cataingan', 48),
	('Cawayan', 48),
	('Claveria', 48),
	('Dimasalang', 48),
	('Esperanza', 48),
	('Mandaon', 48),
	('Aloran', 50),
	('Baliangao', 50),
	('Bonifacio', 50),
	('Calamba', 50),
	('Clarin', 50),
	('Concepcion', 50),
	('Don Victoriano Chiongbian', 50),
	('Jimenez', 50),
	('Lopez Jaena', 50),
	('Oroquieta', 50),
	('Alubijid', 51),
	('Balingasag', 51),
	('Balingoan', 51),
	('Binuangan', 51),
	('Cagayan de Oro', 51),
	('Claveria', 51),
	('El Salvador', 51),
	('Gingoog', 51),
	('Gitagum', 51),
	('Initao', 51),
	('Barlig', 52),
	('Bauko', 52),
	('Besao', 52),
	('Bontoc', 52),
	('Natonin', 52),
	('Paracelis', 52),
	('Sabangan', 52),
	('Sadanga', 52),
	('Sagada', 52),
	('Tadian', 52),
	('Bacolod', 53),
	('Bago', 53),
	('Binalbagan', 53),
	('Cadiz', 53),
	('Calatrava', 53),
	('Candoni', 53),
	('Cauayan', 53),
	('Enrique B. Magalona', 53),
	('Escalante', 53),
	('Himamaylan', 53),
	('Amlan', 54),
	('Ayungon', 54),
	('Bacong', 54),
	('Bais', 54),
	('Basay', 54),
	('Bayawan', 54),
	('Bindoy', 54),
	('Canlaon', 54),
	('Dauin', 54),
	('Dumaguete', 54),
	('Allen', 55),
	('Biri', 55),
	('Bobon', 55),
	('Capul', 55),
	('Catarman', 55),
	('Catubig', 55),
	('Gamay', 55),
	('Laoang', 55),
	('Lapinig', 55),
	('Las Navas', 55),
	('Aliaga', 56),
	('Bongabon', 56),
	('Cabanatuan', 56),
	('Cabiao', 56),
	('Carranglan', 56),
	('Cuyapo', 56),
	('Gabaldon', 56),
	('Gapan', 56),
	('Gen. Mamerto Natividad', 56),
	('Gen. Tinio', 56),
	('Abra de Ilog', 57),
	('Calintaan', 57),
	('Looc', 57),
	('Lubang', 57),
	('Magsaysay', 57),
	('Mamburao', 57),
	('Paluan', 57),
	('Rizal', 57),
	('Sablayan', 57),
	('San Jose', 57),
	('Baco', 58),
	('Bansud', 58),
	('Bongabong', 58),
	('Bulalacao', 58),
	('Calapan', 58),
	('Gloria', 58),
	('Mansalay', 58),
	('Naujan', 58),
	('Pinamalayan', 58),
	('Pola', 58),
	('Aborlan', 59),
	('Agutaya', 59),
	('Araceli', 59),
	('Balabac', 59),
	('Bataraza', 59),
	('Brooke\'s Point', 59),
	('Busuanga', 59),
	('Cagayancillo', 59),
	('Coron', 59),
	('Culion', 59),
	('Angeles', 60),
	('Apalit', 60),
	('Arayat', 60),
	('Bacolor', 60),
	('Candaba', 60),
	('Floridablanca', 60),
	('Guagua', 60),
	('Lubao', 60),
	('Mabalacat', 60),
	('Macabebe', 60),
	('Agno', 61),
	('Aguilar', 61),
	('Alaminos', 61),
	('Alcala', 61),
	('Anda', 61),
	('Asingan', 61),
	('Balungao', 61),
	('Bani', 61),
	('Basista', 61),
	('Bautista', 61),
	('Agdangan', 62),
	('Alabat', 62),
	('Atimonan', 62),
	('Buenavista', 62),
	('Burdeos', 62),
	('Calauag', 62),
	('Candelaria', 62),
	('Catanauan', 62),
	('Dolores', 62),
	('General Luna', 62),
	('Aglipay', 63),
	('Cabarroguis', 63),
	('Diffun', 63),
	('Maddela', 63),
	('Nagtipunan', 63),
	('Saguday', 63),
	('Angono', 64),
	('Antipolo', 64),
	('Baras', 64),
	('Binangonan', 64),
	('Cainta', 64),
	('Cardona', 64),
	('Jalajala', 64),
	('Morong', 64),
	('Pililla', 64),
	('Rodriguez', 64),
	('Alcantara', 65),
	('Banton', 65),
	('Cajidiocan', 65),
	('Calatrava', 65),
	('Concepcion', 65),
	('Corcuera', 65),
	('Ferrol', 65),
	('Looc', 65),
	('Magdiwang', 65),
	('Odiongan', 65),
	('Almagro', 66),
	('Basey', 66),
	('Calbayog', 66),
	('Calbiga', 66),
	('Catbalogan', 66),
	('Daram', 66),
	('Gandara', 66),
	('Hinabangan', 66),
	('Jiabong', 66),
	('Marabut', 66),
	('Alabel', 67),
	('Glan', 67),
	('Kiamba', 67),
	('Maasim', 67),
	('Maitum', 67),
	('Malapatan', 67),
	('Malungon', 67),
	('Enrique Villanueva', 68),
	('Larena', 68),
	('Lazi', 68),
	('Maria', 68),
	('San Juan', 68),
	('Siquijor', 68),
	('Barcelona', 69),
	('Bulan', 69),
	('Bulusan', 69),
	('Casiguran', 69),
	('Castilla', 69),
	('Donsol', 69),
	('Gubat', 69),
	('Irosin', 69),
	('Juban', 69),
	('Magallanes', 69),
	('Banga', 70),
	('General Santos', 70),
	('Koronadal', 70),
	('Lake Sebu', 70),
	('Norala', 70),
	('Polomolok', 70),
	('Santo Nino', 70),
	('Surallah', 70),
	('T\'Boli', 70),
	('Tampakan', 70),
	('Anahawan', 71),
	('Bontoc', 71),
	('Hinunganan', 71),
	('Libagon', 71),
	('Liloan', 71),
	('Limasawa', 71),
	('Maasin', 71),
	('Macrohon', 71),
	('Malitbog', 71),
	('Padre Burgos', 71),
	('Bagumbayan', 72),
	('Columbio', 72),
	('Esperanza', 72),
	('Isulan', 72),
	('Kalamansig', 72),
	('Lambayong', 72),
	('Lebak', 72),
	('Lutayan', 72),
	('Palimbang', 72),
	('President Quirino', 72),
	('Banguingui', 73),
	('Hadji Panglima Tahil', 73),
	('Indanan', 73),
	('Jolo', 73),
	('Kalingalan Caluang', 73),
	('Lugus', 73),
	('Luuk', 73),
	('Maimbung', 73),
	('Old Panamao', 73),
	('Omar', 73),
	('Alegria', 74),
	('Bacuag', 74),
	('Burgos', 74),
	('Claver', 74),
	('Dapa', 74),
	('Del Carmen', 74),
	('General Luna', 74),
	('Gigaquit', 74),
	('Mainit', 74),
	('Malimono', 74),
	('Barobo', 75),
	('Bayabas', 75),
	('Bislig', 75),
	('Cagwait', 75),
	('Cantilan', 75),
	('Carmen', 75),
	('Carrascal', 75),
	('Cortes', 75),
	('Hinatuan', 75),
	('Lanuza', 75),
	('Lianga', 75),
	('Anao', 76),
	('Bamban', 76),
	('Camiling', 76),
	('Capas', 76),
	('Concepcion', 76),
	('Gerona', 76),
	('La Paz', 76),
	('Mayantoc', 76),
	('Moncada', 76),
	('Paniqui', 76),
	('Bongao', 77),
	('Languyan', 77),
	('Mapun', 77),
	('Panglima Sugala', 77),
	('Sapa-Sapa', 77),
	('Sibutu', 77),
	('Simunul', 77),
	('Sitangkai', 77),
	('South Ubian', 77),
	('Tandubas', 77),
	('Botolan', 78),
	('Cabangan', 78),
	('Candelaria', 78),
	('Iba', 78),
	('Masinloc', 78),
	('Olongapo', 78),
	('Palauig', 78),
	('San Antonio', 78),
	('San Felipe', 78),
	('San Marcelino', 78),
	('Baliguian', 79),
	('Dapitan', 79),
	('Dipolog', 79),
	('Godod', 79),
	('Gutalac', 79),
	('Jose Dalman', 79),
	('Kalawit', 79),
	('Katipunan', 79),
	('La Libertad', 79),
	('Labason', 79),
	('Aurora', 80),
	('Bayog', 80),
	('Dimataling', 80),
	('Dinas', 80),
	('Dumalinao', 80),
	('Dumingag', 80),
	('Guipos', 80),
	('Josefina', 80),
	('Kumalarang', 80),
	('Alicia', 81),
	('Buug', 81),
	('Diplahan', 81),
	('Imelda', 81),
	('Ipil', 81),
	('Kabasalan', 81),
	('Mabuhay', 81),
	('Malangas', 81),
	('Naga', 81),
	('Olutanga', 81),
	('Bangued', 1),
	('Boliney', 1),
	('Buenavista', 2),
	('Tubay', 2),
	('Bayugan', 3),
	('Bunawan', 3),
	('Altavas', 4),
	('Balete', 4),
	('Bacacay', 5),
	('Camalig', 5),
	('Bucay', 1),
	('Bucloc', 1),
	('Daguioman', 1),
	('Danglas', 1),
	('Dolores', 1),
	('La Paz', 1),
	('Lacub', 1),
	('Lagangilang', 1),
	('Lagayan', 1),
	('Langiden', 1),
	('Licuan-Baay', 1),
	('Luba', 1),
	('Malibcong', 1),
	('Manabo', 1),
	('Penarrubia', 1),
	('Pidigan', 1),
	('Pilar', 1),
	('Sallapadan', 1),
	('San Isidro', 1),
	('San Juan', 1),
	('San Quintin', 1),
	('Tayum', 1),
	('Tineg', 1),
	('Tubo', 1),
	('Butuan', 2),
	('Cabadbaran', 2),
	('Carmen', 2),
	('Jabonga', 2),
	('Kitcharao', 2),
	('Las Nieves', 2),
	('Magallanes', 2),
	('Nasipit', 2),
	('Remedios Romualdez', 2),
	('Santiago', 2),
	('Esperanza', 3),
	('La Paz', 3),
	('Loreto', 3),
	('Prosperidad', 3),
	('Rosario', 3),
	('San Francisco', 3),
	('San Luis', 3),
	('Santa Josefa', 3),
	('Sibagat', 3),
	('Talacogon', 3),
	('Trento', 3),
	('Veruela', 3),
	('Banga', 4),
	('Batan', 4),
	('Buruanga', 4),
	('Ibajay', 4),
	('Kalibo', 4),
	('Lezo', 4),
	('Libacao', 4),
	('Madalag', 4),
	('Makato', 4),
	('Malay', 4),
	('Malinao', 4),
	('Nabas', 4),
	('New Washington', 4),
	('Numancia', 4),
	('Tangalan', 4),
	('Daraga', 5),
	('Guinobatan', 5),
	('Jovellar', 5),
	('Legazpi', 5),
	('Libon', 5),
	('Ligao', 5),
	('Malilipot', 5),
	('Malinao', 5),
	('Manito', 5),
	('Oas', 5),
	('Pio Duran', 5),
	('Polangui', 5),
	('Rapu-Rapu', 5),
	('Santo Domingo', 5),
	('Tabaco', 5),
	('Tiwi', 5),
	('Anini-y', 6),
	('Barbaza', 6),
	('Belison', 6),
	('Bugasong', 6),
	('Caluya', 6),
	('Culasi', 6),
	('Hamtic', 6),
	('Laua-an', 6),
	('Libertad', 6),
	('Pandan', 6),
	('Patnongon', 6),
	('San Jose de Buenavista', 6),
	('San Remigio', 6),
	('Sebaste', 6),
	('Sibalom', 6),
	('Tibiao', 6),
	('Tobias Fornier', 6),
	('Valderrama', 6),
	('Calanasan', 7),
	('Conner', 7),
	('Flora', 7),
	('Kabugao', 7),
	('Luna', 7),
	('Pudtol', 7),
	('Santa Marcela', 7),
	('Baler', 8),
	('Casiguran', 8),
	('Dinalungan', 8),
	('Dingalan', 8),
	('Dipaculao', 8),
	('Maria Aurora', 8),
	('San Luis', 8),
	('Akbar', 9),
	('Al-Barka', 9),
	('Hadji Mohammad Ajul', 9),
	('Hadji Muhtamad', 9),
	('Isabela City', 9),
	('Lamitan', 9),
	('Lantawan', 9),
	('Maluso', 9),
	('Sumisip', 9),
	('Tabuan-Lasa', 9),
	('Tipo-Tipo', 9),
	('Tuburan', 9),
	('Ungkaya Pukan', 9),
	('Abucay', 10),
	('Bagac', 10),
	('Balanga', 10),
	('Dinalupihan', 10),
	('Hermosa', 10),
	('Limay', 10),
	('Mariveles', 10),
	('Morong', 10),
	('Orani', 10),
	('Orion', 10),
	('Pilar', 10),
	('Samal', 10),
	('Basco', 11),
	('Itbayat', 11),
	('Ivana', 11),
	('Mahatao', 11),
	('Sabtang', 11),
	('Uyugan', 11),
	('Caloocan', 49),
	('Las Pinas', 49),
	('Makati', 49),
	('Malabon', 49),
	('Mandaluyong', 49),
	('Manila', 49),
	('Marikina', 49),
	('Muntinlupa', 49),
	('Navotas', 49),
	('Paranaque', 49),
	('Pasay', 49),
	('Pasig', 49),
	('Pateros', 49),
	('Quezon City', 49),
	('San Juan', 49),
	('Taguig', 49),
	('Valenzuela', 49),
	('Alcantara', 25),
	('Alcoy', 25),
	('Alegria', 25),
	('Aloguinsan', 25),
	('Argao', 25),
	('Agoncillo', 12),
	('Alitagtag', 12),
	('Balayan', 12),
	('Balete', 12),
	('Batangas City', 12),
	('Bauan', 12),
	('Calaca', 12),
	('Calatagan', 12),
	('Cuenca', 12),
	('Ibaan', 12),
	('Laurel', 12),
	('Lemery', 12),
	('Lian', 12),
	('Lipa', 12),
	('Lobo', 12),
	('Mabini', 12),
	('Malvar', 12),
	('Mataasnakahoy', 12),
	('Nasugbu', 12),
	('Padre Garcia', 12),
	('Rosario', 12),
	('San Jose', 12),
	('San Juan', 12),
	('San Luis', 12),
	('San Nicolas', 12),
	('San Pascual', 12),
	('Santa Teresita', 12),
	('Santo Thomas', 12),
	('Taal', 12),
	('Talisay', 12),
	('Tanauan', 12),
	('Taysan', 12),
	('Tingloy', 12),
	('Tuy', 12),
	('Atok', 13),
	('Baguio', 13),
	('Bakun', 13),
	('Bokod', 13),
	('Buguias', 13),
	('Itogon', 13),
	('Kabayan', 13),
	('Kapangan', 13),
	('Kibungan', 13),
	('La Trinidad', 13),
	('Mankayan', 13),
	('Sablan', 13),
	('Tuba', 13),
	('Tublay', 13),
	('Almeria', 14),
	('Biliran', 14),
	('Cabucgayan', 14),
	('Caibiran', 14),
	('Culaba', 14),
	('Kawayan', 14),
	('Maripipi', 14),
	('Naval', 14),
	('Alburquerque', 15),
	('Alicia', 15),
	('Anda', 15),
	('Antequera', 15),
	('Baclayon', 15),
	('Balilihan', 15),
	('Batuan', 15),
	('Bien Unido', 15),
	('Bilar', 15),
	('Buenavista', 15),
	('Calape', 15),
	('Candijay', 15),
	('Carmen', 15),
	('Catigbian', 15),
	('Clarin', 15),
	('Corella', 15),
	('Cortes', 15),
	('Dagohoy', 15),
	('Danao', 15),
	('Dauis', 15),
	('Dimiao', 15),
	('Duero', 15),
	('Garcia Hernandez', 15),
	('Getafe', 15),
	('Guindulman', 15),
	('Inabanga', 15),
	('Jagna', 15),
	('Lila', 15),
	('Loay', 15),
	('Loboc', 15),
	('Loon', 15),
	('Mabini', 15),
	('Maribojoc', 15),
	('Panglao', 15),
	('Pilar', 15),
	('Pres. Carlos P. Garcia', 15),
	('Sagbayan', 15),
	('San Isidro', 15),
	('San Miguel', 15),
	('Sevilla', 15),
	('Sierra Bullones', 15),
	('Sikatuna', 15),
	('Tagbilaran', 15),
	('Talibon', 15),
	('Trinidad', 15),
	('Tubigon', 15),
	('Ubay', 15),
	('Valencia', 15),
	('Baungon', 16),
	('Cabanglasan', 16),
	('Damulog', 16),
	('Dangcagan', 16),
	('Don Carlos', 16),
	('Impasugong', 16),
	('Kadingilan', 16),
	('Kalilangan', 16),
	('Kibawe', 16),
	('Kitaotao', 16),
	('Lantapan', 16),
	('Libona', 16),
	('Malaybalay', 16),
	('Malitbog', 16),
	('Manolo Fortich', 16),
	('Maramag', 16),
	('Pangantucan', 16),
	('Quezon', 16),
	('San Fernando', 16),
	('Sumilao', 16),
	('Talakag', 16),
	('Valencia', 16),
	('Angat', 17),
	('Balagtas', 17),
	('Baliuag', 17),
	('Bocaue', 17),
	('Bulakan', 17),
	('Bustos', 17),
	('Calumpit', 17),
	('Dona Remedios Trinidad', 17),
	('Guiguinto', 17),
	('Hagonoy', 17),
	('Malolos', 17),
	('Marilao', 17),
	('Meycauayan', 17),
	('Norzagaray', 17),
	('Obando', 17),
	('Pandi', 17),
	('Paombong', 17),
	('Plaridel', 17),
	('Pulilan', 17),
	('San Ildefonso', 17),
	('San Jose del Monte', 17),
	('San Miguel', 17),
	('San Rafael', 17),
	('Santa Maria', 17),
	('Abulug', 18),
	('Alcala', 18),
	('Allacapan', 18),
	('Amulung', 18),
	('Aparri', 18),
	('Baggao', 18),
	('Ballesteros', 18),
	('Buguey', 18),
	('Calayan', 18),
	('Camalaniugan', 18),
	('Claveria', 18),
	('Enrile', 18),
	('Gattaran', 18),
	('Gonzaga', 18),
	('Iguig', 18),
	('Lal-lo', 18),
	('Lasam', 18),
	('Pamplona', 18),
	('Penablanca', 18),
	('Piat', 18),
	('Rizal', 18),
	('Sanchez-Mira', 18),
	('Santa Ana', 18),
	('Santa Praxedes', 18),
	('Santa Teresita', 18),
	('Santo Nino', 18),
	('Solana', 18),
	('Tuao', 18),
	('Tuguegarao', 18),
	('Basud', 19),
	('Capalonga', 19),
	('Daet', 19),
	('Jose Panganiban', 19),
	('Labo', 19),
	('Mercedes', 19),
	('Paracale', 19),
	('San Lorenzo Ruiz', 19),
	('San Vicente', 19),
	('Santa Elena', 19),
	('Talisay', 19),
	('Vinzons', 19),
	('Baao', 20),
	('Balatan', 20),
	('Bato', 20),
	('Bombon', 20),
	('Buhi', 20),
	('Bula', 20),
	('Cabusao', 20),
	('Calabanga', 20),
	('Camaligan', 20),
	('Canaman', 20),
	('Caramoan', 20),
	('Del Gallego', 20),
	('Gainza', 20),
	('Garchitorena', 20),
	('Goa', 20),
	('Iriga', 20),
	('Lagonoy', 20),
	('Libmanan', 20),
	('Lupi', 20),
	('Magarao', 20),
	('Milaor', 20),
	('Minalabac', 20),
	('Nabua', 20),
	('Naga', 20),
	('Ocampo', 20),
	('Pamplona', 20),
	('Pasacao', 20),
	('Pili', 20),
	('Presentacion', 20),
	('Ragay', 20),
	('Sagnay', 20),
	('San Fernando', 20),
	('San Jose', 20),
	('Sipocot', 20),
	('Siruma', 20),
	('Tigaon', 20),
	('Tinambac', 20),
	('Catarman', 21),
	('Guinsiliban', 21),
	('Mahinog', 21),
	('Mambajao', 21),
	('Sagay', 21),
	('Cuartero', 22),
	('Dao', 22),
	('Dumalag', 22),
	('Dumarao', 22),
	('Ivisan', 22),
	('Jamindan', 22),
	('Maayon', 22),
	('Mambusao', 22),
	('Panay', 22),
	('Painitan', 22),
	('Pilar', 22),
	('Pontevedra', 22),
	('President Roxas', 22),
	('Roxas City', 22),
	('Sapian', 22),
	('Sigma', 22),
	('Tapaz', 22),
	('Bagamanoc', 23),
	('Baras', 23),
	('Bato', 23),
	('Caramoran', 23),
	('Gigmoto', 23),
	('Pandan', 23),
	('Panganiban', 23),
	('San Andres', 23),
	('San Miguel', 23),
	('Viga', 23),
	('Virac', 23),
	('Trece Martires', 24),
	('Asturias', 25),
	('Alfonso', 24),
	('Amadeo', 24),
	('Bacoor', 24),
	('Carmona', 24),
	('Cavite City', 24),
	('Dasmarinas', 24),
	('Gen. Emilio Aguinaldo', 24),
	('Gen. Mariano Alvarez', 24),
	('Gen. Trias', 24),
	('Imus', 24),
	('Indang', 24),
	('Kawit', 24),
	('Magallanes', 24),
	('Maragondon', 24),
	('Mendez', 24),
	('Naic', 24),
	('Noveleta', 24),
	('Rosario', 24),
	('Silang', 24),
	('Tagaytay', 24),
	('Tanza', 24),
	('Ternate', 24),
	('Badian', 25),
	('Balamban', 25),
	('Bantayan', 25),
	('Barili', 25),
	('Bogo', 25),
	('Boljoon', 25),
	('Borbon', 25),
	('Carcar', 25),
	('Carmen', 25),
	('Catmon', 25),
	('Cebu City', 25),
	('Compostela', 25),
	('Consolacion', 25),
	('Cordova', 25),
	('Daanbantayan', 25),
	('Dalaguete', 25),
	('Danao', 25),
	('Dumanjug', 25),
	('Ginatilan', 25),
	('Lapu-Lapu', 25),
	('Liloan', 25),
	('Madridejos', 25),
	('Malabuyoc', 25),
	('Mandaue', 25),
	('Medellin', 25),
	('Minglanilla', 25),
	('Moalboal', 25),
	('Naga', 25),
	('Oslob', 25),
	('Pilar', 25),
	('Pinamungajan', 25),
	('Poro', 25),
	('Ronda', 25),
	('Samboan', 25),
	('San Fernando', 25),
	('San Francisco', 25),
	('San Remigio', 25),
	('Santa Fe', 25),
	('Santander', 25),
	('Sibonga', 25),
	('Sogod', 25),
	('Tabogon', 25),
	('Tabuelan', 25),
	('Talisay', 25),
	('Toledo', 25),
	('Tuburan', 25),
	('Tudela', 25),
	('Laak', 26),
	('Mabini', 26),
	('Maco', 26),
	('Maragusan', 26),
	('Mawab', 26),
	('Monkayo', 26),
	('Montevista', 26),
	('Nabunturan', 26),
	('New Bataan', 26),
	('Pantukan', 26),
	('Alamada', 27),
	('Aleosan', 27),
	('Antipas', 27),
	('Arakan', 27),
	('Banisilan', 27),
	('Carmen', 27),
	('Kabacan', 27),
	('Kidapawan', 27),
	('Libungan', 27),
	('M\'lang', 27),
	('Magpet', 27),
	('Makilala', 27),
	('Matalam', 27),
	('Midsayap', 27),
	('Pigcawayan', 27),
	('Pikit', 27),
	('President Roxas', 27),
	('Tulunan', 27),
	('Asuncion', 28),
	('Braulio E. Dujali', 28),
	('Carmen', 28),
	('Kapalong', 28),
	('New Corella', 28),
	('Panabo', 28),
	('Samal', 28),
	('San Isidro', 28),
	('Santo Tomas', 28),
	('Tagum', 28),
	('Talaingod', 28),
	('Bansalan', 29),
	('Davao City', 29),
	('Digos', 29),
	('Hagonoy', 29),
	('Kiblawan', 29),
	('Magsaysay', 29),
	('Malalag', 29),
	('Matanao', 29),
	('Padada', 29),
	('Santa Cruz', 29),
	('Sulop', 29),
	('Don Marcelino', 30),
	('Jose Abad Santos', 30),
	('Malita', 30),
	('Santa Maria', 30),
	('Sarangani', 30),
	('Baganga', 31),
	('Banaybanay', 31),
	('Boston', 31),
	('Caraga', 31),
	('Cateel', 31),
	('Governor Generoso', 31),
	('Lupon', 31),
	('Manay', 31),
	('Mati', 31),
	('San Isidro', 31),
	('Tarragona', 31),
	('Basilisa', 32),
	('Cagdianao', 32),
	('Dinagat', 32),
	('Libjo', 32),
	('Loreto', 32),
	('San Jose', 32),
	('Tubajon', 32),
	('Arteche', 33),
	('Balangiga', 33),
	('Balangkayan', 33),
	('Borongan', 33),
	('Can-avid', 33),
	('Dolores', 33),
	('General MacArthur', 33),
	('Giporlos', 33),
	('Guiuan', 33),
	('Hernani', 33),
	('Jipapad', 33),
	('Lawaan', 33),
	('Llorente', 33),
	('Maslog', 33),
	('Maydolong', 33),
	('Mercedes', 33),
	('Oras', 33),
	('Quinapondan', 33),
	('Salcedo', 33),
	('San Julian', 33),
	('San Policarpo', 33),
	('Sulat', 33),
	('Taft', 33),
	('Buenavista', 34),
	('Jordan', 34),
	('Nueva Valencia', 34),
	('San Lorenzo', 34),
	('Sibunag', 34),
	('Aguinaldo', 35),
	('Alfonso Lista', 35),
	('Asipulo', 35),
	('Banaue', 35),
	('Hingyon', 35),
	('Hungduan', 35),
	('Kiangan', 35),
	('Lagawe', 35),
	('Lamut', 35),
	('Mayoyao', 35),
	('Tinoc', 35),
	('Adams', 36),
	('Bacarra', 36),
	('Badoc', 36),
	('Bangui', 36),
	('Banna', 36),
	('Batac', 36),
	('Burgos', 36),
	('Carasi', 36),
	('Currimao', 36),
	('Dingras', 36),
	('Dumalneg', 36),
	('Laoag', 36),
	('Marcos', 36),
	('Nueva Era', 36),
	('Pagudpud', 36),
	('Paoay', 36),
	('Pasuquin', 36),
	('Piddig', 36),
	('Pinili', 36),
	('San Nicolas', 36),
	('Sarrat', 36),
	('Solsona', 36),
	('Vintar', 36),
	('Alilem', 37),
	('Banayoyo', 37),
	('Bantay', 37),
	('Burgos', 37),
	('Cabugao', 37),
	('Candon', 37),
	('Caoayan', 37),
	('Cervantes', 37),
	('Galimuyod', 37),
	('Gregorio del Pilar', 37),
	('Ajuy', 38),
	('Alimodian', 38),
	('Anilao', 38),
	('Badiangan', 38),
	('Balasan', 38),
	('Banate', 38),
	('Barotac Nuevo', 38),
	('Barotac Viejo', 38),
	('Batad', 38),
	('Bingawan', 38),
	('Alicia', 39),
	('Angadanan', 39),
	('Aurora', 39),
	('Benito Soliven', 39),
	('Burgos', 39),
	('Cabagan', 39),
	('Cabatuan', 39),
	('Cauayan', 39),
	('Cordon', 39),
	('Delfin Albano', 39),
	('Balbalan', 40),
	('Lubuagan', 40),
	('Pasil', 40),
	('Pinukpuk', 40),
	('Rizal', 40),
	('Tabuk', 40),
	('Tanudan', 40),
	('Tinglayan', 40),
	('Agoo', 41),
	('Aringay', 41),
	('Bacnotan', 41),
	('Bagulin', 41),
	('Balaoan', 41),
	('Bangar', 41),
	('Bauang', 41),
	('Burgos', 41),
	('Caba', 41),
	('Luna', 41),
	('Alaminos', 42),
	('Bay', 42),
	('Binan', 42),
	('Cabuyao', 42),
	('Calamba', 42),
	('Calauan', 42),
	('Cavinti', 42),
	('Famy', 42),
	('Kalayaan', 42),
	('Liliw', 42),
	('Bacolod', 43),
	('Baloi', 43),
	('Baroy', 43),
	('Iligan', 43),
	('Kapatagan', 43),
	('Kauswagan', 43),
	('Kolambugan', 43),
	('Lala', 43),
	('Linamon', 43),
	('Magsaysay', 43),
	('Amai Manabilang (Bumbaran)', 44),
	('Bacolod-Kalawi (Bacolod-Grande)', 44),
	('Balabagan', 44),
	('Balindong (Watu)', 44),
	('Bayang', 44),
	('Binidayan', 44),
	('Buadiposo-Buntong', 44),
	('Bubong', 44),
	('Butig', 44),
	('Calanogas', 44),
	('Abuyog', 45),
	('Alangalang', 45),
	('Albuera', 45),
	('Babatngon', 45),
	('Barugo', 45),
	('Bato', 45),
	('Baybay', 45),
	('Burauen', 45),
	('Calubian', 45),
	('Capoocan', 45),
	('Ampatuan', 46),
	('Barira', 46),
	('Buldon', 46),
	('Buluan', 46),
	('Cotabato City', 46),
	('Datu Abdullah Sangki', 46),
	('Datu Anggal Midtimbang', 46),
	('Datu Blah T. Sinsuat', 46),
	('Datu Hoffer Ampatuan', 46),
	('Datu Montawal', 46),
	('Boac', 47),
	('Buenavista', 47),
	('Gasan', 47),
	('Mogpog', 47),
	('Santa Cruz', 47),
	('Torrijos', 47),
	('Aroroy', 48),
	('Baleno', 48),
	('Balud', 48),
	('Batuan', 48),
	('Cataingan', 48),
	('Cawayan', 48),
	('Claveria', 48),
	('Dimasalang', 48),
	('Esperanza', 48),
	('Mandaon', 48),
	('Aloran', 50),
	('Baliangao', 50),
	('Bonifacio', 50),
	('Calamba', 50),
	('Clarin', 50),
	('Concepcion', 50),
	('Don Victoriano Chiongbian', 50),
	('Jimenez', 50),
	('Lopez Jaena', 50),
	('Oroquieta', 50),
	('Alubijid', 51),
	('Balingasag', 51),
	('Balingoan', 51),
	('Binuangan', 51),
	('Cagayan de Oro', 51),
	('Claveria', 51),
	('El Salvador', 51),
	('Gingoog', 51),
	('Gitagum', 51),
	('Initao', 51),
	('Barlig', 52),
	('Bauko', 52),
	('Besao', 52),
	('Bontoc', 52),
	('Natonin', 52),
	('Paracelis', 52),
	('Sabangan', 52),
	('Sadanga', 52),
	('Sagada', 52),
	('Tadian', 52),
	('Bacolod', 53),
	('Bago', 53),
	('Binalbagan', 53),
	('Cadiz', 53),
	('Calatrava', 53),
	('Candoni', 53),
	('Cauayan', 53),
	('Enrique B. Magalona', 53),
	('Escalante', 53),
	('Himamaylan', 53),
	('Amlan', 54),
	('Ayungon', 54),
	('Bacong', 54),
	('Bais', 54),
	('Basay', 54),
	('Bayawan', 54),
	('Bindoy', 54),
	('Canlaon', 54),
	('Dauin', 54),
	('Dumaguete', 54),
	('Allen', 55),
	('Biri', 55),
	('Bobon', 55),
	('Capul', 55),
	('Catarman', 55),
	('Catubig', 55),
	('Gamay', 55),
	('Laoang', 55),
	('Lapinig', 55),
	('Las Navas', 55),
	('Aliaga', 56),
	('Bongabon', 56),
	('Cabanatuan', 56),
	('Cabiao', 56),
	('Carranglan', 56),
	('Cuyapo', 56),
	('Gabaldon', 56),
	('Gapan', 56),
	('Gen. Mamerto Natividad', 56),
	('Gen. Tinio', 56),
	('Abra de Ilog', 57),
	('Calintaan', 57),
	('Looc', 57),
	('Lubang', 57),
	('Magsaysay', 57),
	('Mamburao', 57),
	('Paluan', 57),
	('Rizal', 57),
	('Sablayan', 57),
	('San Jose', 57),
	('Baco', 58),
	('Bansud', 58),
	('Bongabong', 58),
	('Bulalacao', 58),
	('Calapan', 58),
	('Gloria', 58),
	('Mansalay', 58),
	('Naujan', 58),
	('Pinamalayan', 58),
	('Pola', 58),
	('Aborlan', 59),
	('Agutaya', 59),
	('Araceli', 59),
	('Balabac', 59),
	('Bataraza', 59),
	('Brooke\'s Point', 59),
	('Busuanga', 59),
	('Cagayancillo', 59),
	('Coron', 59),
	('Culion', 59),
	('Angeles', 60),
	('Apalit', 60),
	('Arayat', 60),
	('Bacolor', 60),
	('Candaba', 60),
	('Floridablanca', 60),
	('Guagua', 60),
	('Lubao', 60),
	('Mabalacat', 60),
	('Macabebe', 60),
	('Agno', 61),
	('Aguilar', 61),
	('Alaminos', 61),
	('Alcala', 61),
	('Anda', 61),
	('Asingan', 61),
	('Balungao', 61),
	('Bani', 61),
	('Basista', 61),
	('Bautista', 61),
	('Agdangan', 62),
	('Alabat', 62),
	('Atimonan', 62),
	('Buenavista', 62),
	('Burdeos', 62),
	('Calauag', 62),
	('Candelaria', 62),
	('Catanauan', 62),
	('Dolores', 62),
	('General Luna', 62),
	('Aglipay', 63),
	('Cabarroguis', 63),
	('Diffun', 63),
	('Maddela', 63),
	('Nagtipunan', 63),
	('Saguday', 63),
	('Angono', 64),
	('Antipolo', 64),
	('Baras', 64),
	('Binangonan', 64),
	('Cainta', 64),
	('Cardona', 64),
	('Jalajala', 64),
	('Morong', 64),
	('Pililla', 64),
	('Rodriguez', 64),
	('Alcantara', 65),
	('Banton', 65),
	('Cajidiocan', 65),
	('Calatrava', 65),
	('Concepcion', 65),
	('Corcuera', 65),
	('Ferrol', 65),
	('Looc', 65),
	('Magdiwang', 65),
	('Odiongan', 65),
	('Almagro', 66),
	('Basey', 66),
	('Calbayog', 66),
	('Calbiga', 66),
	('Catbalogan', 66),
	('Daram', 66),
	('Gandara', 66),
	('Hinabangan', 66),
	('Jiabong', 66),
	('Marabut', 66),
	('Alabel', 67),
	('Glan', 67),
	('Kiamba', 67),
	('Maasim', 67),
	('Maitum', 67),
	('Malapatan', 67),
	('Malungon', 67),
	('Enrique Villanueva', 68),
	('Larena', 68),
	('Lazi', 68),
	('Maria', 68),
	('San Juan', 68),
	('Siquijor', 68),
	('Barcelona', 69),
	('Bulan', 69),
	('Bulusan', 69),
	('Casiguran', 69),
	('Castilla', 69),
	('Donsol', 69),
	('Gubat', 69),
	('Irosin', 69),
	('Juban', 69),
	('Magallanes', 69),
	('Banga', 70),
	('General Santos', 70),
	('Koronadal', 70),
	('Lake Sebu', 70),
	('Norala', 70),
	('Polomolok', 70),
	('Santo Nino', 70),
	('Surallah', 70),
	('T\'Boli', 70),
	('Tampakan', 70),
	('Anahawan', 71),
	('Bontoc', 71),
	('Hinunganan', 71),
	('Libagon', 71),
	('Liloan', 71),
	('Limasawa', 71),
	('Maasin', 71),
	('Macrohon', 71),
	('Malitbog', 71),
	('Padre Burgos', 71),
	('Bagumbayan', 72),
	('Columbio', 72),
	('Esperanza', 72),
	('Isulan', 72),
	('Kalamansig', 72),
	('Lambayong', 72),
	('Lebak', 72),
	('Lutayan', 72),
	('Palimbang', 72),
	('President Quirino', 72),
	('Banguingui', 73),
	('Hadji Panglima Tahil', 73),
	('Indanan', 73),
	('Jolo', 73),
	('Kalingalan Caluang', 73),
	('Lugus', 73),
	('Luuk', 73),
	('Maimbung', 73),
	('Old Panamao', 73),
	('Omar', 73),
	('Alegria', 74),
	('Bacuag', 74),
	('Burgos', 74),
	('Claver', 74),
	('Dapa', 74),
	('Del Carmen', 74),
	('General Luna', 74),
	('Gigaquit', 74),
	('Mainit', 74),
	('Malimono', 74),
	('Barobo', 75),
	('Bayabas', 75),
	('Bislig', 75),
	('Cagwait', 75),
	('Cantilan', 75),
	('Carmen', 75),
	('Carrascal', 75),
	('Cortes', 75),
	('Hinatuan', 75),
	('Lanuza', 75),
	('Lianga', 75),
	('Anao', 76),
	('Bamban', 76),
	('Camiling', 76),
	('Capas', 76),
	('Concepcion', 76),
	('Gerona', 76),
	('La Paz', 76),
	('Mayantoc', 76),
	('Moncada', 76),
	('Paniqui', 76),
	('Bongao', 77),
	('Languyan', 77),
	('Mapun', 77),
	('Panglima Sugala', 77),
	('Sapa-Sapa', 77),
	('Sibutu', 77),
	('Simunul', 77),
	('Sitangkai', 77),
	('South Ubian', 77),
	('Tandubas', 77),
	('Botolan', 78),
	('Cabangan', 78),
	('Candelaria', 78),
	('Iba', 78),
	('Masinloc', 78),
	('Olongapo', 78),
	('Palauig', 78),
	('San Antonio', 78),
	('San Felipe', 78),
	('San Marcelino', 78),
	('Baliguian', 79),
	('Dapitan', 79),
	('Dipolog', 79),
	('Godod', 79),
	('Gutalac', 79),
	('Jose Dalman', 79),
	('Kalawit', 79),
	('Katipunan', 79),
	('La Libertad', 79),
	('Labason', 79),
	('Aurora', 80),
	('Bayog', 80),
	('Dimataling', 80),
	('Dinas', 80),
	('Dumalinao', 80),
	('Dumingag', 80),
	('Guipos', 80),
	('Josefina', 80),
	('Kumalarang', 80),
	('Alicia', 81),
	('Buug', 81),
	('Diplahan', 81),
	('Imelda', 81),
	('Ipil', 81),
	('Kabasalan', 81),
	('Mabuhay', 81),
	('Malangas', 81),
	('Naga', 81),
	('Olutanga', 81),
	('Bangued', 1),
	('Boliney', 1),
	('Buenavista', 2),
	('Tubay', 2),
	('Bayugan', 3),
	('Bunawan', 3),
	('Altavas', 4),
	('Balete', 4),
	('Bacacay', 5),
	('Camalig', 5),
	('Bucay', 1),
	('Bucloc', 1),
	('Daguioman', 1),
	('Danglas', 1),
	('Dolores', 1),
	('La Paz', 1),
	('Lacub', 1),
	('Lagangilang', 1),
	('Lagayan', 1),
	('Langiden', 1),
	('Licuan-Baay', 1),
	('Luba', 1),
	('Malibcong', 1),
	('Manabo', 1),
	('Penarrubia', 1),
	('Pidigan', 1),
	('Pilar', 1),
	('Sallapadan', 1),
	('San Isidro', 1),
	('San Juan', 1),
	('San Quintin', 1),
	('Tayum', 1),
	('Tineg', 1),
	('Tubo', 1),
	('Butuan', 2),
	('Cabadbaran', 2),
	('Carmen', 2),
	('Jabonga', 2),
	('Kitcharao', 2),
	('Las Nieves', 2),
	('Magallanes', 2),
	('Nasipit', 2),
	('Remedios Romualdez', 2),
	('Santiago', 2),
	('Esperanza', 3),
	('La Paz', 3),
	('Loreto', 3),
	('Prosperidad', 3),
	('Rosario', 3),
	('San Francisco', 3),
	('San Luis', 3),
	('Santa Josefa', 3),
	('Sibagat', 3),
	('Talacogon', 3),
	('Trento', 3),
	('Veruela', 3),
	('Banga', 4),
	('Batan', 4),
	('Buruanga', 4),
	('Ibajay', 4),
	('Kalibo', 4),
	('Lezo', 4),
	('Libacao', 4),
	('Madalag', 4),
	('Makato', 4),
	('Malay', 4),
	('Malinao', 4),
	('Nabas', 4),
	('New Washington', 4),
	('Numancia', 4),
	('Tangalan', 4),
	('Daraga', 5),
	('Guinobatan', 5),
	('Jovellar', 5),
	('Legazpi', 5),
	('Libon', 5),
	('Ligao', 5),
	('Malilipot', 5),
	('Malinao', 5),
	('Manito', 5),
	('Oas', 5),
	('Pio Duran', 5),
	('Polangui', 5),
	('Rapu-Rapu', 5),
	('Santo Domingo', 5),
	('Tabaco', 5),
	('Tiwi', 5),
	('Anini-y', 6),
	('Barbaza', 6),
	('Belison', 6),
	('Bugasong', 6),
	('Caluya', 6),
	('Culasi', 6),
	('Hamtic', 6),
	('Laua-an', 6),
	('Libertad', 6),
	('Pandan', 6),
	('Patnongon', 6),
	('San Jose de Buenavista', 6),
	('San Remigio', 6),
	('Sebaste', 6),
	('Sibalom', 6),
	('Tibiao', 6),
	('Tobias Fornier', 6),
	('Valderrama', 6),
	('Calanasan', 7),
	('Conner', 7),
	('Flora', 7),
	('Kabugao', 7),
	('Luna', 7),
	('Pudtol', 7),
	('Santa Marcela', 7),
	('Baler', 8),
	('Casiguran', 8),
	('Dinalungan', 8),
	('Dingalan', 8),
	('Dipaculao', 8),
	('Maria Aurora', 8),
	('San Luis', 8),
	('Akbar', 9),
	('Al-Barka', 9),
	('Hadji Mohammad Ajul', 9),
	('Hadji Muhtamad', 9),
	('Isabela City', 9),
	('Lamitan', 9),
	('Lantawan', 9),
	('Maluso', 9),
	('Sumisip', 9),
	('Tabuan-Lasa', 9),
	('Tipo-Tipo', 9),
	('Tuburan', 9),
	('Ungkaya Pukan', 9),
	('Abucay', 10),
	('Bagac', 10),
	('Balanga', 10),
	('Dinalupihan', 10),
	('Hermosa', 10),
	('Limay', 10),
	('Mariveles', 10),
	('Morong', 10),
	('Orani', 10),
	('Orion', 10),
	('Pilar', 10),
	('Samal', 10),
	('Basco', 11),
	('Itbayat', 11),
	('Ivana', 11),
	('Mahatao', 11),
	('Sabtang', 11),
	('Uyugan', 11),
	('Caloocan', 49),
	('Las Pinas', 49),
	('Makati', 49),
	('Malabon', 49),
	('Mandaluyong', 49),
	('Manila', 49),
	('Marikina', 49),
	('Muntinlupa', 49),
	('Navotas', 49),
	('Paranaque', 49),
	('Pasay', 49),
	('Pasig', 49),
	('Pateros', 49),
	('Quezon City', 49),
	('San Juan', 49),
	('Taguig', 49),
	('Valenzuela', 49),
	('Alcantara', 25),
	('Alcoy', 25),
	('Alegria', 25),
	('Aloguinsan', 25),
	('Argao', 25),
	('Agoncillo', 12),
	('Alitagtag', 12),
	('Balayan', 12),
	('Balete', 12),
	('Batangas City', 12),
	('Bauan', 12),
	('Calaca', 12),
	('Calatagan', 12),
	('Cuenca', 12),
	('Ibaan', 12),
	('Laurel', 12),
	('Lemery', 12),
	('Lian', 12),
	('Lipa', 12),
	('Lobo', 12),
	('Mabini', 12),
	('Malvar', 12),
	('Mataasnakahoy', 12),
	('Nasugbu', 12),
	('Padre Garcia', 12),
	('Rosario', 12),
	('San Jose', 12),
	('San Juan', 12),
	('San Luis', 12),
	('San Nicolas', 12),
	('San Pascual', 12),
	('Santa Teresita', 12),
	('Santo Thomas', 12),
	('Taal', 12),
	('Talisay', 12),
	('Tanauan', 12),
	('Taysan', 12),
	('Tingloy', 12),
	('Tuy', 12),
	('Atok', 13),
	('Baguio', 13),
	('Bakun', 13),
	('Bokod', 13),
	('Buguias', 13),
	('Itogon', 13),
	('Kabayan', 13),
	('Kapangan', 13),
	('Kibungan', 13),
	('La Trinidad', 13),
	('Mankayan', 13),
	('Sablan', 13),
	('Tuba', 13),
	('Tublay', 13),
	('Almeria', 14),
	('Biliran', 14),
	('Cabucgayan', 14),
	('Caibiran', 14),
	('Culaba', 14),
	('Kawayan', 14),
	('Maripipi', 14),
	('Naval', 14),
	('Alburquerque', 15),
	('Alicia', 15),
	('Anda', 15),
	('Antequera', 15),
	('Baclayon', 15),
	('Balilihan', 15),
	('Batuan', 15),
	('Bien Unido', 15),
	('Bilar', 15),
	('Buenavista', 15),
	('Calape', 15),
	('Candijay', 15),
	('Carmen', 15),
	('Catigbian', 15),
	('Clarin', 15),
	('Corella', 15),
	('Cortes', 15),
	('Dagohoy', 15),
	('Danao', 15),
	('Dauis', 15),
	('Dimiao', 15),
	('Duero', 15),
	('Garcia Hernandez', 15),
	('Getafe', 15),
	('Guindulman', 15),
	('Inabanga', 15),
	('Jagna', 15),
	('Lila', 15),
	('Loay', 15),
	('Loboc', 15),
	('Loon', 15),
	('Mabini', 15),
	('Maribojoc', 15),
	('Panglao', 15),
	('Pilar', 15),
	('Pres. Carlos P. Garcia', 15),
	('Sagbayan', 15),
	('San Isidro', 15),
	('San Miguel', 15),
	('Sevilla', 15),
	('Sierra Bullones', 15),
	('Sikatuna', 15),
	('Tagbilaran', 15),
	('Talibon', 15),
	('Trinidad', 15),
	('Tubigon', 15),
	('Ubay', 15),
	('Valencia', 15),
	('Baungon', 16),
	('Cabanglasan', 16),
	('Damulog', 16),
	('Dangcagan', 16),
	('Don Carlos', 16),
	('Impasugong', 16),
	('Kadingilan', 16),
	('Kalilangan', 16),
	('Kibawe', 16),
	('Kitaotao', 16),
	('Lantapan', 16),
	('Libona', 16),
	('Malaybalay', 16),
	('Malitbog', 16),
	('Manolo Fortich', 16),
	('Maramag', 16),
	('Pangantucan', 16),
	('Quezon', 16),
	('San Fernando', 16),
	('Sumilao', 16),
	('Talakag', 16),
	('Valencia', 16),
	('Angat', 17),
	('Balagtas', 17),
	('Baliuag', 17),
	('Bocaue', 17),
	('Bulakan', 17),
	('Bustos', 17),
	('Calumpit', 17),
	('Dona Remedios Trinidad', 17),
	('Guiguinto', 17),
	('Hagonoy', 17),
	('Malolos', 17),
	('Marilao', 17),
	('Meycauayan', 17),
	('Norzagaray', 17),
	('Obando', 17),
	('Pandi', 17),
	('Paombong', 17),
	('Plaridel', 17),
	('Pulilan', 17),
	('San Ildefonso', 17),
	('San Jose del Monte', 17),
	('San Miguel', 17),
	('San Rafael', 17),
	('Santa Maria', 17),
	('Abulug', 18),
	('Alcala', 18),
	('Allacapan', 18),
	('Amulung', 18),
	('Aparri', 18),
	('Baggao', 18),
	('Ballesteros', 18),
	('Buguey', 18),
	('Calayan', 18),
	('Camalaniugan', 18),
	('Claveria', 18),
	('Enrile', 18),
	('Gattaran', 18),
	('Gonzaga', 18),
	('Iguig', 18),
	('Lal-lo', 18),
	('Lasam', 18),
	('Pamplona', 18),
	('Penablanca', 18),
	('Piat', 18),
	('Rizal', 18),
	('Sanchez-Mira', 18),
	('Santa Ana', 18),
	('Santa Praxedes', 18),
	('Santa Teresita', 18),
	('Santo Nino', 18),
	('Solana', 18),
	('Tuao', 18),
	('Tuguegarao', 18),
	('Basud', 19),
	('Capalonga', 19),
	('Daet', 19),
	('Jose Panganiban', 19),
	('Labo', 19),
	('Mercedes', 19),
	('Paracale', 19),
	('San Lorenzo Ruiz', 19),
	('San Vicente', 19),
	('Santa Elena', 19),
	('Talisay', 19),
	('Vinzons', 19),
	('Baao', 20),
	('Balatan', 20),
	('Bato', 20),
	('Bombon', 20),
	('Buhi', 20),
	('Bula', 20),
	('Cabusao', 20),
	('Calabanga', 20),
	('Camaligan', 20),
	('Canaman', 20),
	('Caramoan', 20),
	('Del Gallego', 20),
	('Gainza', 20),
	('Garchitorena', 20),
	('Goa', 20),
	('Iriga', 20),
	('Lagonoy', 20),
	('Libmanan', 20),
	('Lupi', 20),
	('Magarao', 20),
	('Milaor', 20),
	('Minalabac', 20),
	('Nabua', 20),
	('Naga', 20),
	('Ocampo', 20),
	('Pamplona', 20),
	('Pasacao', 20),
	('Pili', 20),
	('Presentacion', 20),
	('Ragay', 20),
	('Sagnay', 20),
	('San Fernando', 20),
	('San Jose', 20),
	('Sipocot', 20),
	('Siruma', 20),
	('Tigaon', 20),
	('Tinambac', 20),
	('Catarman', 21),
	('Guinsiliban', 21),
	('Mahinog', 21),
	('Mambajao', 21),
	('Sagay', 21),
	('Cuartero', 22),
	('Dao', 22),
	('Dumalag', 22),
	('Dumarao', 22),
	('Ivisan', 22),
	('Jamindan', 22),
	('Maayon', 22),
	('Mambusao', 22),
	('Panay', 22),
	('Painitan', 22),
	('Pilar', 22),
	('Pontevedra', 22),
	('President Roxas', 22),
	('Roxas City', 22),
	('Sapian', 22),
	('Sigma', 22),
	('Tapaz', 22),
	('Bagamanoc', 23),
	('Baras', 23),
	('Bato', 23),
	('Caramoran', 23),
	('Gigmoto', 23),
	('Pandan', 23),
	('Panganiban', 23),
	('San Andres', 23),
	('San Miguel', 23),
	('Viga', 23),
	('Virac', 23),
	('Trece Martires', 24),
	('Asturias', 25),
	('Alfonso', 24),
	('Amadeo', 24),
	('Bacoor', 24),
	('Carmona', 24),
	('Cavite City', 24),
	('Dasmarinas', 24),
	('Gen. Emilio Aguinaldo', 24),
	('Gen. Mariano Alvarez', 24),
	('Gen. Trias', 24),
	('Imus', 24),
	('Indang', 24),
	('Kawit', 24),
	('Magallanes', 24),
	('Maragondon', 24),
	('Mendez', 24),
	('Naic', 24),
	('Noveleta', 24),
	('Rosario', 24),
	('Silang', 24),
	('Tagaytay', 24),
	('Tanza', 24),
	('Ternate', 24),
	('Badian', 25),
	('Balamban', 25),
	('Bantayan', 25),
	('Barili', 25),
	('Bogo', 25),
	('Boljoon', 25),
	('Borbon', 25),
	('Carcar', 25),
	('Carmen', 25),
	('Catmon', 25),
	('Cebu City', 25),
	('Compostela', 25),
	('Consolacion', 25),
	('Cordova', 25),
	('Daanbantayan', 25),
	('Dalaguete', 25),
	('Danao', 25),
	('Dumanjug', 25),
	('Ginatilan', 25),
	('Lapu-Lapu', 25),
	('Liloan', 25),
	('Madridejos', 25),
	('Malabuyoc', 25),
	('Mandaue', 25),
	('Medellin', 25),
	('Minglanilla', 25),
	('Moalboal', 25),
	('Naga', 25),
	('Oslob', 25),
	('Pilar', 25),
	('Pinamungajan', 25),
	('Poro', 25),
	('Ronda', 25),
	('Samboan', 25),
	('San Fernando', 25),
	('San Francisco', 25),
	('San Remigio', 25),
	('Santa Fe', 25),
	('Santander', 25),
	('Sibonga', 25),
	('Sogod', 25),
	('Tabogon', 25),
	('Tabuelan', 25),
	('Talisay', 25),
	('Toledo', 25),
	('Tuburan', 25),
	('Tudela', 25),
	('Laak', 26),
	('Mabini', 26),
	('Maco', 26),
	('Maragusan', 26),
	('Mawab', 26),
	('Monkayo', 26),
	('Montevista', 26),
	('Nabunturan', 26),
	('New Bataan', 26),
	('Pantukan', 26),
	('Alamada', 27),
	('Aleosan', 27),
	('Antipas', 27),
	('Arakan', 27),
	('Banisilan', 27),
	('Carmen', 27),
	('Kabacan', 27),
	('Kidapawan', 27),
	('Libungan', 27),
	('M\'lang', 27),
	('Magpet', 27),
	('Makilala', 27),
	('Matalam', 27),
	('Midsayap', 27),
	('Pigcawayan', 27),
	('Pikit', 27),
	('President Roxas', 27),
	('Tulunan', 27),
	('Asuncion', 28),
	('Braulio E. Dujali', 28),
	('Carmen', 28),
	('Kapalong', 28),
	('New Corella', 28),
	('Panabo', 28),
	('Samal', 28),
	('San Isidro', 28),
	('Santo Tomas', 28),
	('Tagum', 28),
	('Talaingod', 28),
	('Bansalan', 29),
	('Davao City', 29),
	('Digos', 29),
	('Hagonoy', 29),
	('Kiblawan', 29),
	('Magsaysay', 29),
	('Malalag', 29),
	('Matanao', 29),
	('Padada', 29),
	('Santa Cruz', 29),
	('Sulop', 29),
	('Don Marcelino', 30),
	('Jose Abad Santos', 30),
	('Malita', 30),
	('Santa Maria', 30),
	('Sarangani', 30),
	('Baganga', 31),
	('Banaybanay', 31),
	('Boston', 31),
	('Caraga', 31),
	('Cateel', 31),
	('Governor Generoso', 31),
	('Lupon', 31),
	('Manay', 31),
	('Mati', 31),
	('San Isidro', 31),
	('Tarragona', 31),
	('Basilisa', 32),
	('Cagdianao', 32),
	('Dinagat', 32),
	('Libjo', 32),
	('Loreto', 32),
	('San Jose', 32),
	('Tubajon', 32),
	('Arteche', 33),
	('Balangiga', 33),
	('Balangkayan', 33),
	('Borongan', 33),
	('Can-avid', 33),
	('Dolores', 33),
	('General MacArthur', 33),
	('Giporlos', 33),
	('Guiuan', 33),
	('Hernani', 33),
	('Jipapad', 33),
	('Lawaan', 33),
	('Llorente', 33),
	('Maslog', 33),
	('Maydolong', 33),
	('Mercedes', 33),
	('Oras', 33),
	('Quinapondan', 33),
	('Salcedo', 33),
	('San Julian', 33),
	('San Policarpo', 33),
	('Sulat', 33),
	('Taft', 33),
	('Buenavista', 34),
	('Jordan', 34),
	('Nueva Valencia', 34),
	('San Lorenzo', 34),
	('Sibunag', 34),
	('Aguinaldo', 35),
	('Alfonso Lista', 35),
	('Asipulo', 35),
	('Banaue', 35),
	('Hingyon', 35),
	('Hungduan', 35),
	('Kiangan', 35),
	('Lagawe', 35),
	('Lamut', 35),
	('Mayoyao', 35),
	('Tinoc', 35),
	('Adams', 36),
	('Bacarra', 36),
	('Badoc', 36),
	('Bangui', 36),
	('Banna', 36),
	('Batac', 36),
	('Burgos', 36),
	('Carasi', 36),
	('Currimao', 36),
	('Dingras', 36),
	('Dumalneg', 36),
	('Laoag', 36),
	('Marcos', 36),
	('Nueva Era', 36),
	('Pagudpud', 36),
	('Paoay', 36),
	('Pasuquin', 36),
	('Piddig', 36),
	('Pinili', 36),
	('San Nicolas', 36),
	('Sarrat', 36),
	('Solsona', 36),
	('Vintar', 36),
	('Alilem', 37),
	('Banayoyo', 37),
	('Bantay', 37),
	('Burgos', 37),
	('Cabugao', 37),
	('Candon', 37),
	('Caoayan', 37),
	('Cervantes', 37),
	('Galimuyod', 37),
	('Gregorio del Pilar', 37),
	('Ajuy', 38),
	('Alimodian', 38),
	('Anilao', 38),
	('Badiangan', 38),
	('Balasan', 38),
	('Banate', 38),
	('Barotac Nuevo', 38),
	('Barotac Viejo', 38),
	('Batad', 38),
	('Bingawan', 38),
	('Alicia', 39),
	('Angadanan', 39),
	('Aurora', 39),
	('Benito Soliven', 39),
	('Burgos', 39),
	('Cabagan', 39),
	('Cabatuan', 39),
	('Cauayan', 39),
	('Cordon', 39),
	('Delfin Albano', 39),
	('Balbalan', 40),
	('Lubuagan', 40),
	('Pasil', 40),
	('Pinukpuk', 40),
	('Rizal', 40),
	('Tabuk', 40),
	('Tanudan', 40),
	('Tinglayan', 40),
	('Agoo', 41),
	('Aringay', 41),
	('Bacnotan', 41),
	('Bagulin', 41),
	('Balaoan', 41),
	('Bangar', 41),
	('Bauang', 41),
	('Burgos', 41),
	('Caba', 41),
	('Luna', 41),
	('Alaminos', 42),
	('Bay', 42),
	('Binan', 42),
	('Cabuyao', 42),
	('Calamba', 42),
	('Calauan', 42),
	('Cavinti', 42),
	('Famy', 42),
	('Kalayaan', 42),
	('Liliw', 42),
	('Bacolod', 43),
	('Baloi', 43),
	('Baroy', 43),
	('Iligan', 43),
	('Kapatagan', 43),
	('Kauswagan', 43),
	('Kolambugan', 43),
	('Lala', 43),
	('Linamon', 43),
	('Magsaysay', 43),
	('Amai Manabilang (Bumbaran)', 44),
	('Bacolod-Kalawi (Bacolod-Grande)', 44),
	('Balabagan', 44),
	('Balindong (Watu)', 44),
	('Bayang', 44),
	('Binidayan', 44),
	('Buadiposo-Buntong', 44),
	('Bubong', 44),
	('Butig', 44),
	('Calanogas', 44),
	('Abuyog', 45),
	('Alangalang', 45),
	('Albuera', 45),
	('Babatngon', 45),
	('Barugo', 45),
	('Bato', 45),
	('Baybay', 45),
	('Burauen', 45),
	('Calubian', 45),
	('Capoocan', 45),
	('Ampatuan', 46),
	('Barira', 46),
	('Buldon', 46),
	('Buluan', 46),
	('Cotabato City', 46),
	('Datu Abdullah Sangki', 46),
	('Datu Anggal Midtimbang', 46),
	('Datu Blah T. Sinsuat', 46),
	('Datu Hoffer Ampatuan', 46),
	('Datu Montawal', 46),
	('Boac', 47),
	('Buenavista', 47),
	('Gasan', 47),
	('Mogpog', 47),
	('Santa Cruz', 47),
	('Torrijos', 47),
	('Aroroy', 48),
	('Baleno', 48),
	('Balud', 48),
	('Batuan', 48),
	('Cataingan', 48),
	('Cawayan', 48),
	('Claveria', 48),
	('Dimasalang', 48),
	('Esperanza', 48),
	('Mandaon', 48),
	('Aloran', 50),
	('Baliangao', 50),
	('Bonifacio', 50),
	('Calamba', 50),
	('Clarin', 50),
	('Concepcion', 50),
	('Don Victoriano Chiongbian', 50),
	('Jimenez', 50),
	('Lopez Jaena', 50),
	('Oroquieta', 50),
	('Alubijid', 51),
	('Balingasag', 51),
	('Balingoan', 51),
	('Binuangan', 51),
	('Cagayan de Oro', 51),
	('Claveria', 51),
	('El Salvador', 51),
	('Gingoog', 51),
	('Gitagum', 51),
	('Initao', 51),
	('Barlig', 52),
	('Bauko', 52),
	('Besao', 52),
	('Bontoc', 52),
	('Natonin', 52),
	('Paracelis', 52),
	('Sabangan', 52),
	('Sadanga', 52),
	('Sagada', 52),
	('Tadian', 52),
	('Bacolod', 53),
	('Bago', 53),
	('Binalbagan', 53),
	('Cadiz', 53),
	('Calatrava', 53),
	('Candoni', 53),
	('Cauayan', 53),
	('Enrique B. Magalona', 53),
	('Escalante', 53),
	('Himamaylan', 53),
	('Amlan', 54),
	('Ayungon', 54),
	('Bacong', 54),
	('Bais', 54),
	('Basay', 54),
	('Bayawan', 54),
	('Bindoy', 54),
	('Canlaon', 54),
	('Dauin', 54),
	('Dumaguete', 54),
	('Allen', 55),
	('Biri', 55),
	('Bobon', 55),
	('Capul', 55),
	('Catarman', 55),
	('Catubig', 55),
	('Gamay', 55),
	('Laoang', 55),
	('Lapinig', 55),
	('Las Navas', 55),
	('Aliaga', 56),
	('Bongabon', 56),
	('Cabanatuan', 56),
	('Cabiao', 56),
	('Carranglan', 56),
	('Cuyapo', 56),
	('Gabaldon', 56),
	('Gapan', 56),
	('Gen. Mamerto Natividad', 56),
	('Gen. Tinio', 56),
	('Abra de Ilog', 57),
	('Calintaan', 57),
	('Looc', 57),
	('Lubang', 57),
	('Magsaysay', 57),
	('Mamburao', 57),
	('Paluan', 57),
	('Rizal', 57),
	('Sablayan', 57),
	('San Jose', 57),
	('Baco', 58),
	('Bansud', 58),
	('Bongabong', 58),
	('Bulalacao', 58),
	('Calapan', 58),
	('Gloria', 58),
	('Mansalay', 58),
	('Naujan', 58),
	('Pinamalayan', 58),
	('Pola', 58),
	('Aborlan', 59),
	('Agutaya', 59),
	('Araceli', 59),
	('Balabac', 59),
	('Bataraza', 59),
	('Brooke\'s Point', 59),
	('Busuanga', 59),
	('Cagayancillo', 59),
	('Coron', 59),
	('Culion', 59),
	('Angeles', 60),
	('Apalit', 60),
	('Arayat', 60),
	('Bacolor', 60),
	('Candaba', 60),
	('Floridablanca', 60),
	('Guagua', 60),
	('Lubao', 60),
	('Mabalacat', 60),
	('Macabebe', 60),
	('Agno', 61),
	('Aguilar', 61),
	('Alaminos', 61),
	('Alcala', 61),
	('Anda', 61),
	('Asingan', 61),
	('Balungao', 61),
	('Bani', 61),
	('Basista', 61),
	('Bautista', 61),
	('Agdangan', 62),
	('Alabat', 62),
	('Atimonan', 62),
	('Buenavista', 62),
	('Burdeos', 62),
	('Calauag', 62),
	('Candelaria', 62),
	('Catanauan', 62),
	('Dolores', 62),
	('General Luna', 62),
	('Aglipay', 63),
	('Cabarroguis', 63),
	('Diffun', 63),
	('Maddela', 63),
	('Nagtipunan', 63),
	('Saguday', 63),
	('Angono', 64),
	('Antipolo', 64),
	('Baras', 64),
	('Binangonan', 64),
	('Cainta', 64),
	('Cardona', 64),
	('Jalajala', 64),
	('Morong', 64),
	('Pililla', 64),
	('Rodriguez', 64),
	('Alcantara', 65),
	('Banton', 65),
	('Cajidiocan', 65),
	('Calatrava', 65),
	('Concepcion', 65),
	('Corcuera', 65),
	('Ferrol', 65),
	('Looc', 65),
	('Magdiwang', 65),
	('Odiongan', 65),
	('Almagro', 66),
	('Basey', 66),
	('Calbayog', 66),
	('Calbiga', 66),
	('Catbalogan', 66),
	('Daram', 66),
	('Gandara', 66),
	('Hinabangan', 66),
	('Jiabong', 66),
	('Marabut', 66),
	('Alabel', 67),
	('Glan', 67),
	('Kiamba', 67),
	('Maasim', 67),
	('Maitum', 67),
	('Malapatan', 67),
	('Malungon', 67),
	('Enrique Villanueva', 68),
	('Larena', 68),
	('Lazi', 68),
	('Maria', 68),
	('San Juan', 68),
	('Siquijor', 68),
	('Barcelona', 69),
	('Bulan', 69),
	('Bulusan', 69),
	('Casiguran', 69),
	('Castilla', 69),
	('Donsol', 69),
	('Gubat', 69),
	('Irosin', 69),
	('Juban', 69),
	('Magallanes', 69),
	('Banga', 70),
	('General Santos', 70),
	('Koronadal', 70),
	('Lake Sebu', 70),
	('Norala', 70),
	('Polomolok', 70),
	('Santo Nino', 70),
	('Surallah', 70),
	('T\'Boli', 70),
	('Tampakan', 70),
	('Anahawan', 71),
	('Bontoc', 71),
	('Hinunganan', 71),
	('Libagon', 71),
	('Liloan', 71),
	('Limasawa', 71),
	('Maasin', 71),
	('Macrohon', 71),
	('Malitbog', 71),
	('Padre Burgos', 71),
	('Bagumbayan', 72),
	('Columbio', 72),
	('Esperanza', 72),
	('Isulan', 72),
	('Kalamansig', 72),
	('Lambayong', 72),
	('Lebak', 72),
	('Lutayan', 72),
	('Palimbang', 72),
	('President Quirino', 72),
	('Banguingui', 73),
	('Hadji Panglima Tahil', 73),
	('Indanan', 73),
	('Jolo', 73),
	('Kalingalan Caluang', 73),
	('Lugus', 73),
	('Luuk', 73),
	('Maimbung', 73),
	('Old Panamao', 73),
	('Omar', 73),
	('Alegria', 74),
	('Bacuag', 74),
	('Burgos', 74),
	('Claver', 74),
	('Dapa', 74),
	('Del Carmen', 74),
	('General Luna', 74),
	('Gigaquit', 74),
	('Mainit', 74),
	('Malimono', 74),
	('Barobo', 75),
	('Bayabas', 75),
	('Bislig', 75),
	('Cagwait', 75),
	('Cantilan', 75),
	('Carmen', 75),
	('Carrascal', 75),
	('Cortes', 75),
	('Hinatuan', 75),
	('Lanuza', 75),
	('Lianga', 75),
	('Anao', 76),
	('Bamban', 76),
	('Camiling', 76),
	('Capas', 76),
	('Concepcion', 76),
	('Gerona', 76),
	('La Paz', 76),
	('Mayantoc', 76),
	('Moncada', 76),
	('Paniqui', 76),
	('Bongao', 77),
	('Languyan', 77),
	('Mapun', 77),
	('Panglima Sugala', 77),
	('Sapa-Sapa', 77),
	('Sibutu', 77),
	('Simunul', 77),
	('Sitangkai', 77),
	('South Ubian', 77),
	('Tandubas', 77),
	('Botolan', 78),
	('Cabangan', 78),
	('Candelaria', 78),
	('Iba', 78),
	('Masinloc', 78),
	('Olongapo', 78),
	('Palauig', 78),
	('San Antonio', 78),
	('San Felipe', 78),
	('San Marcelino', 78),
	('Baliguian', 79),
	('Dapitan', 79),
	('Dipolog', 79),
	('Godod', 79),
	('Gutalac', 79),
	('Jose Dalman', 79),
	('Kalawit', 79),
	('Katipunan', 79),
	('La Libertad', 79),
	('Labason', 79),
	('Aurora', 80),
	('Bayog', 80),
	('Dimataling', 80),
	('Dinas', 80),
	('Dumalinao', 80),
	('Dumingag', 80),
	('Guipos', 80),
	('Josefina', 80),
	('Kumalarang', 80),
	('Alicia', 81),
	('Buug', 81),
	('Diplahan', 81),
	('Imelda', 81),
	('Ipil', 81),
	('Kabasalan', 81),
	('Mabuhay', 81),
	('Malangas', 81),
	('Naga', 81),
	('Olutanga', 81);
/*!40000 ALTER TABLE `city` ENABLE KEYS */;

-- Dumping structure for table id1841802_acm_db.client_info
CREATE TABLE IF NOT EXISTS `client_info` (
  `client_no` int(20) NOT NULL,
  `user_name` varchar(10) COLLATE utf8mb4_bin NOT NULL,
  PRIMARY KEY (`client_no`),
  KEY `user_name` (`user_name`),
  CONSTRAINT `FK_client_info_user_info` FOREIGN KEY (`user_name`) REFERENCES `user_info` (`user_name`) ON DELETE CASCADE ON UPDATE CASCADE
) ENGINE=InnoDB DEFAULT CHARSET=utf8mb4 COLLATE=utf8mb4_bin;

-- Dumping data for table id1841802_acm_db.client_info: ~7 rows (approximately)
/*!40000 ALTER TABLE `client_info` DISABLE KEYS */;
INSERT INTO `client_info` (`client_no`, `user_name`) VALUES
	(101, 'COR001'),
	(102, 'COR002'),
	(103, 'USR001'),
	(104, 'USR002'),
	(107, 'emil001'),
	(106, 'renzo20'),
	(105, 'ronelrm');
/*!40000 ALTER TABLE `client_info` ENABLE KEYS */;

-- Dumping structure for table id1841802_acm_db.client_package
CREATE TABLE IF NOT EXISTS `client_package` (
  `tracking_id` int(20) NOT NULL,
  `client_no` int(20) NOT NULL,
  `truck_type` varchar(100) COLLATE utf8mb4_bin DEFAULT NULL,
  `pickup_datetime` datetime NOT NULL DEFAULT current_timestamp(),
  `datetime_arrival` datetime NOT NULL DEFAULT current_timestamp(),
  `package_status` varchar(50) COLLATE utf8mb4_bin NOT NULL DEFAULT 'Pending',
  PRIMARY KEY (`tracking_id`),
  KEY `client_no` (`client_no`),
  CONSTRAINT `FK_client_package_tbl_client_info_tbl` FOREIGN KEY (`client_no`) REFERENCES `client_info` (`client_no`) ON DELETE CASCADE ON UPDATE CASCADE
) ENGINE=InnoDB DEFAULT CHARSET=utf8mb4 COLLATE=utf8mb4_bin COMMENT='information about the client''s package';

-- Dumping data for table id1841802_acm_db.client_package: ~16 rows (approximately)
/*!40000 ALTER TABLE `client_package` DISABLE KEYS */;
INSERT INTO `client_package` (`tracking_id`, `client_no`, `truck_type`, `pickup_datetime`, `datetime_arrival`, `package_status`) VALUES
	(10001, 101, '10 wheeler', '2017-01-05 10:30:00', '2017-01-09 10:00:00', 'Delivered'),
	(10002, 101, '10 wheeler', '2017-01-05 10:30:00', '2017-01-09 10:00:00', 'Delivered'),
	(10003, 101, '10 wheeler', '2017-01-05 10:30:00', '2017-01-09 10:00:00', 'Delivered'),
	(10004, 103, '4 wheeler', '2017-01-05 10:30:00', '2017-01-09 10:00:00', 'Delivered'),
	(10005, 103, '10 wheeler', '2017-01-05 10:30:00', '2017-01-09 10:00:00', 'Delivered'),
	(10006, 103, '4 wheeler', '2017-01-05 10:30:00', '2017-01-09 10:00:00', 'Delivered'),
	(10007, 104, '6 wheeler', '2017-01-05 10:30:00', '2017-01-09 10:00:00', 'Delivered'),
	(10008, 104, '8 wheeler', '2017-01-05 10:30:00', '2017-01-09 10:00:00', 'Delivered'),
	(10009, 104, '10 wheeler', '2017-01-05 10:30:00', '2017-01-09 10:00:00', 'Delivered'),
	(10010, 101, '4 wheeler', '2017-01-05 10:30:00', '2017-01-09 10:00:00', 'Delivered'),
	(10011, 101, '6 wheeler', '2017-01-05 10:30:00', '2017-01-09 10:00:00', 'Delivered'),
	(10012, 101, '8 wheeler', '2017-01-05 10:30:00', '2017-01-09 10:00:00', 'Delivered'),
	(10013, 102, '4 wheleer', '2017-01-05 10:30:00', '2017-01-09 10:00:00', 'Delivered'),
	(10014, 102, '6 wheeler', '2017-01-05 10:30:00', '2017-01-09 10:00:00', 'Delivered'),
	(10015, 102, '8 wheeler', '2017-01-05 10:30:00', '2017-01-09 10:00:00', 'Delivered'),
	(10016, 101, NULL, '2017-06-01 03:01:59', '2017-06-01 03:01:59', 'Pending');
/*!40000 ALTER TABLE `client_package` ENABLE KEYS */;

-- Dumping structure for table id1841802_acm_db.package_info
CREATE TABLE IF NOT EXISTS `package_info` (
  `tracking_id` int(20) NOT NULL,
  `item_name` varchar(100) COLLATE utf8mb4_bin DEFAULT NULL,
  `quantity` int(20) DEFAULT NULL,
  `weight` varchar(15) COLLATE utf8mb4_bin DEFAULT NULL,
  `eta` varchar(15) COLLATE utf8mb4_bin DEFAULT NULL,
  `origin` varchar(50) COLLATE utf8mb4_bin DEFAULT NULL,
  `destination` varchar(50) COLLATE utf8mb4_bin DEFAULT NULL,
  `receiver_name` varchar(50) COLLATE utf8mb4_bin DEFAULT NULL,
  `receiver_address` varchar(100) COLLATE utf8mb4_bin DEFAULT NULL,
  `contact_no` varchar(15) COLLATE utf8mb4_bin DEFAULT NULL,
  `receiver_comp` varchar(11) COLLATE utf8mb4_bin DEFAULT NULL,
  `date_received` date DEFAULT NULL,
  `package_id` int(1) DEFAULT NULL,
  `invoice_val` float(7,2) DEFAULT NULL,
  `expenses` float(7,2) DEFAULT NULL,
  `net_profit` float(7,2) DEFAULT NULL,
  PRIMARY KEY (`tracking_id`),
  KEY `tracking_id` (`tracking_id`),
  KEY `package_id` (`package_id`),
  CONSTRAINT `FK_package_info_package_type` FOREIGN KEY (`package_id`) REFERENCES `package_type` (`package_id`) ON DELETE CASCADE ON UPDATE CASCADE,
  CONSTRAINT `FK_package_info_tbl_client_package_tbl` FOREIGN KEY (`tracking_id`) REFERENCES `client_package` (`tracking_id`) ON DELETE CASCADE ON UPDATE CASCADE
) ENGINE=InnoDB DEFAULT CHARSET=utf8mb4 COLLATE=utf8mb4_bin COMMENT='information of the package\r\n';

-- Dumping data for table id1841802_acm_db.package_info: ~8 rows (approximately)
/*!40000 ALTER TABLE `package_info` DISABLE KEYS */;
INSERT INTO `package_info` (`tracking_id`, `item_name`, `quantity`, `weight`, `eta`, `origin`, `destination`, `receiver_name`, `receiver_address`, `contact_no`, `receiver_comp`, `date_received`, `package_id`, `invoice_val`, `expenses`, `net_profit`) VALUES
	(10001, 'TV', 2, '2 kgs', NULL, 'Manila', 'Cebu', 'Cardo Dalisay', '1256  Salas St. Alcantara, Cebu', '2147483647', '', NULL, 1, 1000.00, 500.00, 500.00),
	(10002, 'Shoes', 20, '5 kgs', NULL, 'Manila', 'Cebu', 'Novita Escarcha', '1256  Salas St. Alcantara, Cebu', '2147483647', '', NULL, 1, 8900.00, 7500.00, 1400.00),
	(10003, 'Pants', 300, '10 kgs', NULL, 'Manila', 'Cebu', 'Helen Makapili', '1256  Salas St. Alcantara, Cebu', '2147483647', '', NULL, 1, 100.00, 33.00, 67.00),
	(10004, 'Shirt', 500, '23 kgs', NULL, 'Manila', 'Cebu', 'Norberto Real', '1256  Salas St. Alcantara, Cebu', '2147483647', '', NULL, 1, 12500.00, 10000.00, 2500.00),
	(10005, 'Documents', 500, '1 kgs', NULL, 'Manila', 'Cebu', 'Danilo Sandoval', '1256  Salas St. Alcantara, Cebu', '2147483647', '', NULL, 4, 11000.00, 9000.00, 2000.00),
	(10009, 'Paper', 1000, '2 kgs', NULL, 'Manila', 'Cebu', 'Pedro Romano', '1256  Salas St. Alcantara, Cebu', '2147483647', NULL, NULL, 3, 15500.00, 11000.00, 4500.00),
	(10015, 'Paper', 1000, '2 kgs', NULL, 'Manila', 'Cebu', 'Emil Dalisay', '1256  Salas St. Alcantara, Cebu', '2147483647', '', NULL, 3, 16000.00, 8000.00, 8000.00),
	(10016, 'awdawd', 12, '12', NULL, 'Bangued', 'Bangued', 'aadaw', 'adwd', '123142123', 'awdad', NULL, 1, NULL, NULL, NULL);
/*!40000 ALTER TABLE `package_info` ENABLE KEYS */;

-- Dumping structure for table id1841802_acm_db.package_type
CREATE TABLE IF NOT EXISTS `package_type` (
  `package_id` int(1) NOT NULL,
  `package_types` varchar(20) COLLATE utf8mb4_bin NOT NULL,
  PRIMARY KEY (`package_id`)
) ENGINE=InnoDB DEFAULT CHARSET=utf8mb4 COLLATE=utf8mb4_bin;

-- Dumping data for table id1841802_acm_db.package_type: ~4 rows (approximately)
/*!40000 ALTER TABLE `package_type` DISABLE KEYS */;
INSERT INTO `package_type` (`package_id`, `package_types`) VALUES
	(1, 'Box'),
	(2, 'Small Box'),
	(3, 'Letter'),
	(4, 'Envelope');
/*!40000 ALTER TABLE `package_type` ENABLE KEYS */;

-- Dumping structure for table id1841802_acm_db.province
CREATE TABLE IF NOT EXISTS `province` (
  `province_id` int(5) NOT NULL,
  `province_name` varchar(50) COLLATE utf8mb4_bin DEFAULT NULL,
  PRIMARY KEY (`province_id`)
) ENGINE=InnoDB DEFAULT CHARSET=utf8mb4 COLLATE=utf8mb4_bin;

-- Dumping data for table id1841802_acm_db.province: ~81 rows (approximately)
/*!40000 ALTER TABLE `province` DISABLE KEYS */;
INSERT INTO `province` (`province_id`, `province_name`) VALUES
	(1, 'Abra'),
	(2, 'Agusan del Norte'),
	(3, 'Agusan del Sur'),
	(4, 'Aklan'),
	(5, 'Albay'),
	(6, 'Antique'),
	(7, 'Apayao'),
	(8, 'Aurora'),
	(9, 'Basilan'),
	(10, 'Bataan'),
	(11, 'Batanes'),
	(12, 'Batangas'),
	(13, 'Benguet'),
	(14, 'Biliran'),
	(15, 'Bohol'),
	(16, 'Bukidnon'),
	(17, 'Bulacan'),
	(18, 'Cagayan'),
	(19, 'Camarines Norte'),
	(20, 'Camarines Sur'),
	(21, 'Camiguin'),
	(22, 'Capiz'),
	(23, 'Catanduanes'),
	(24, 'Cavite'),
	(25, 'Cebu'),
	(26, 'Compostela Valley'),
	(27, 'Cotabato'),
	(28, 'Davao del Norte'),
	(29, 'Davao del Sur'),
	(30, 'Davao Occidental'),
	(31, 'Davao Oriental'),
	(32, 'Dinagat Islands'),
	(33, 'Eastern Samar'),
	(34, 'Guimaras'),
	(35, 'Ifugao'),
	(36, 'Ilocos Norte'),
	(37, 'Ilocos Sur'),
	(38, 'Iloilo'),
	(39, 'Isabela'),
	(40, 'Kalinga'),
	(41, 'La Union'),
	(42, 'Laguna'),
	(43, 'Lanao del Norte'),
	(44, 'Lanao del Sur'),
	(45, 'Leyte'),
	(46, 'Maguindanao'),
	(47, 'Marinduque'),
	(48, 'Masbate'),
	(49, 'NCR'),
	(50, 'Misamis Occidental'),
	(51, 'Misamis Oriental'),
	(52, 'Mountain Province'),
	(53, 'Negros Occidental'),
	(54, 'Negros Oriental'),
	(55, 'Northern Samar'),
	(56, 'Nueva Ecija'),
	(57, 'Occidental Mindoro'),
	(58, 'Oriental Mindoro'),
	(59, 'Palawan'),
	(60, 'Pampanga'),
	(61, 'Pangasinan'),
	(62, 'Quezon'),
	(63, 'Quirino'),
	(64, 'Rizal'),
	(65, 'Romblon'),
	(66, 'Samar'),
	(67, 'Sarangani'),
	(68, 'Siquijor'),
	(69, 'Sorsogon'),
	(70, 'South Cotabato'),
	(71, 'Southern Leyte'),
	(72, 'Sultan Kudarat'),
	(73, 'Sulu'),
	(74, 'Surigao del Norte'),
	(75, 'Surigao del Sur'),
	(76, 'Tarlac'),
	(77, 'Tawi-Tawi'),
	(78, 'Zambales'),
	(79, 'Zamboanga del Norte'),
	(80, 'Zamboanga del Sur'),
	(81, 'Zamboanga Sibugay');
/*!40000 ALTER TABLE `province` ENABLE KEYS */;

-- Dumping structure for table id1841802_acm_db.track_tbl
CREATE TABLE IF NOT EXISTS `track_tbl` (
  `track_id` int(10) NOT NULL AUTO_INCREMENT,
  `tracking_id` int(11) NOT NULL,
  `dropoff_province` varchar(50) COLLATE utf8mb4_bin NOT NULL,
  `dropoff_city` varchar(50) COLLATE utf8mb4_bin DEFAULT NULL,
  `departure_time` varchar(50) COLLATE utf8mb4_bin DEFAULT NULL,
  `departure_delay` varchar(50) COLLATE utf8mb4_bin DEFAULT NULL,
  `departure_remarks` varchar(50) COLLATE utf8mb4_bin DEFAULT NULL,
  `arrival_time` varchar(50) COLLATE utf8mb4_bin DEFAULT NULL,
  `arrival_delay` varchar(50) COLLATE utf8mb4_bin DEFAULT NULL,
  `arrival_remarks` varchar(50) COLLATE utf8mb4_bin DEFAULT NULL,
  `curr_province` varchar(50) COLLATE utf8mb4_bin DEFAULT NULL,
  `curr_city` varchar(50) COLLATE utf8mb4_bin DEFAULT NULL,
  PRIMARY KEY (`track_id`),
  KEY `tracking_id` (`tracking_id`),
  CONSTRAINT `FK_track_tbl_client_package` FOREIGN KEY (`tracking_id`) REFERENCES `client_package` (`tracking_id`) ON DELETE CASCADE ON UPDATE CASCADE
) ENGINE=InnoDB AUTO_INCREMENT=8 DEFAULT CHARSET=utf8mb4 COLLATE=utf8mb4_bin COMMENT='tracking\r\n';

-- Dumping data for table id1841802_acm_db.track_tbl: ~6 rows (approximately)
/*!40000 ALTER TABLE `track_tbl` DISABLE KEYS */;
INSERT INTO `track_tbl` (`track_id`, `tracking_id`, `dropoff_province`, `dropoff_city`, `departure_time`, `departure_delay`, `departure_remarks`, `arrival_time`, `arrival_delay`, `arrival_remarks`, `curr_province`, `curr_city`) VALUES
	(1, 10001, 'NCR', 'Manila', '2017-01-05 10:30:00', NULL, 'Pick-up from client', NULL, NULL, NULL, 'NCR', 'Manila'),
	(2, 10001, 'NCR', 'Manila', '2017-01-06 11:00:00', NULL, 'Store from Warehouse', NULL, NULL, NULL, 'NCR', 'Manila'),
	(3, 10001, 'NCR', 'Manila', '2017-01-08 01:30:00', NULL, 'Pick-up from Warehouse', '2017-01-08 02:00:00', NULL, 'Load on Truck', 'NCR', 'Manila'),
	(4, 10001, 'NCR', 'Manila', '2017-01-08 04:00:00', NULL, 'Arrived to Airport', '2017-01-08 06:00:00', NULL, 'Arrived to Cebu', 'Cebu', 'Alcoy'),
	(5, 10001, 'Cebu', 'Alcoy', '2017-01-09 09:32:10', NULL, NULL, '2017-01-09 11:02:00', NULL, 'Arrived to the Destination', 'Cebu', 'Alcantara'),
	(6, 10004, 'NCR', 'Camalig', 'Tuesday 30 May 2017 - 17:11', 'Tuesday 30 May 2017 - 17:12', 'GFD', 'Wednesday 31 May 2017 - 07:11', 'Tuesday 30 May 2017 - 17:12', '', 'Bukidnon', 'Lagangilang');
/*!40000 ALTER TABLE `track_tbl` ENABLE KEYS */;

-- Dumping structure for table id1841802_acm_db.transaction_info
CREATE TABLE IF NOT EXISTS `transaction_info` (
  `tracking_id` int(20) NOT NULL,
  `waybill_no` int(20) NOT NULL,
  `airland_waybill` int(20) NOT NULL,
  `transaction_type` varchar(50) COLLATE utf8mb4_bin NOT NULL,
  `trans_datetime` datetime NOT NULL,
  PRIMARY KEY (`tracking_id`),
  KEY `tracking_id` (`tracking_id`),
  CONSTRAINT `FK_transaction_info_tbl_client_package_tbl` FOREIGN KEY (`tracking_id`) REFERENCES `client_package` (`tracking_id`) ON DELETE CASCADE ON UPDATE CASCADE
) ENGINE=InnoDB DEFAULT CHARSET=utf8mb4 COLLATE=utf8mb4_bin COMMENT='information about the package';

-- Dumping data for table id1841802_acm_db.transaction_info: ~15 rows (approximately)
/*!40000 ALTER TABLE `transaction_info` DISABLE KEYS */;
INSERT INTO `transaction_info` (`tracking_id`, `waybill_no`, `airland_waybill`, `transaction_type`, `trans_datetime`) VALUES
	(10001, 111, 1010101, 'Air', '2017-05-30 08:30:00'),
	(10002, 112, 1010102, 'Air', '2017-05-30 08:30:00'),
	(10003, 113, 1010103, 'Air', '2017-03-04 08:30:00'),
	(10004, 114, 1010104, 'Air', '2017-03-05 08:30:00'),
	(10005, 115, 1010105, 'Air', '2017-03-06 08:30:00'),
	(10006, 116, 1010106, 'Air', '2017-03-07 08:30:00'),
	(10007, 117, 1010107, 'Air', '2017-03-08 08:30:00'),
	(10008, 118, 1010108, 'Air', '2017-03-09 08:30:00'),
	(10010, 119, 1010109, 'Air', '2017-03-10 08:30:00'),
	(10011, 120, 1010110, 'Air', '2017-03-11 08:30:00'),
	(10012, 121, 1010111, 'Air', '2017-03-12 08:30:00'),
	(10013, 122, 1010112, 'Air', '2017-03-13 08:30:00'),
	(10014, 123, 1010113, 'Air', '2017-03-14 08:30:00'),
	(10015, 124, 1010114, 'Air', '2017-03-15 08:30:00'),
	(10016, 125, 1010115, 'Air', '2017-06-01 19:01:59');
/*!40000 ALTER TABLE `transaction_info` ENABLE KEYS */;

-- Dumping structure for table id1841802_acm_db.user
CREATE TABLE IF NOT EXISTS `user` (
  `user_id` int(5) NOT NULL,
  `user_level` varchar(20) COLLATE utf8mb4_bin NOT NULL,
  PRIMARY KEY (`user_id`)
) ENGINE=InnoDB DEFAULT CHARSET=utf8mb4 COLLATE=utf8mb4_bin COMMENT='this is the user level of employees';

-- Dumping data for table id1841802_acm_db.user: ~8 rows (approximately)
/*!40000 ALTER TABLE `user` DISABLE KEYS */;
INSERT INTO `user` (`user_id`, `user_level`) VALUES
	(1, 'Admin'),
	(2, 'Branch Manager'),
	(3, 'Operations Manager'),
	(4, 'Accounting In-Charge'),
	(5, 'Domestic In-Charge'),
	(6, 'Agent'),
	(7, 'Corporate'),
	(8, 'User');
/*!40000 ALTER TABLE `user` ENABLE KEYS */;

-- Dumping structure for table id1841802_acm_db.user_info
CREATE TABLE IF NOT EXISTS `user_info` (
  `user_name` varchar(10) COLLATE utf8mb4_bin NOT NULL,
  `password` varchar(50) COLLATE utf8mb4_bin NOT NULL,
  `first_name` varchar(25) COLLATE utf8mb4_bin NOT NULL,
  `last_name` varchar(25) COLLATE utf8mb4_bin NOT NULL,
  `middle_initial` varchar(3) COLLATE utf8mb4_bin DEFAULT NULL,
  `email` varchar(100) COLLATE utf8mb4_bin NOT NULL,
  `address` varchar(100) COLLATE utf8mb4_bin NOT NULL,
  `contact_no` varchar(15) COLLATE utf8mb4_bin NOT NULL,
  `company_name` varchar(100) COLLATE utf8mb4_bin DEFAULT NULL,
  `company_address` varchar(100) COLLATE utf8mb4_bin DEFAULT NULL,
  `user_id` int(5) DEFAULT NULL,
  `activated` int(5) NOT NULL DEFAULT 0,
  PRIMARY KEY (`user_name`),
  KEY `user_id` (`user_id`),
  CONSTRAINT `FK_user_info_tbl_user_tbl` FOREIGN KEY (`user_id`) REFERENCES `user` (`user_id`) ON DELETE CASCADE ON UPDATE CASCADE
) ENGINE=InnoDB DEFAULT CHARSET=utf8mb4 COLLATE=utf8mb4_bin COMMENT='personal information about the user/employee';

-- Dumping data for table id1841802_acm_db.user_info: ~14 rows (approximately)
/*!40000 ALTER TABLE `user_info` DISABLE KEYS */;
INSERT INTO `user_info` (`user_name`, `password`, `first_name`, `last_name`, `middle_initial`, `email`, `address`, `contact_no`, `company_name`, `company_address`, `user_id`, `activated`) VALUES
	('ADM001', 'pass_adm1', 'Eron', 'Tancioco', 'A.', 'ectancioco2014@plm.edu.ph', '123 Bambang St. Tondo, Manila', '09166934521', '', NULL, 1, 1),
	('AGT001', 'pass_agt1', 'Rob Russell', 'Velasco', 'A.', 'rravelasco2014@plm.edu.ph', '101 Coral St. Tondo, Manila', '09698886321', NULL, NULL, 6, 1),
	('AGT002', 'pass_agt2', 'Czyril Brian', 'Barola', 'A.', 'cbfbarola2014@plm.edu.ph', '369 Balik Balik St. Manila', '09307418569', NULL, NULL, 6, 1),
	('AIC001', 'pass_aic', 'Roldan', 'Saldana', 'A.', 'rpsaldana2014@plm.edu.ph', '258 Wagas St. Tondo, Manila', '09239997412', NULL, NULL, 4, 1),
	('BM001', 'pass_bmg1', 'Emil John', 'Calanza', 'A.', 'ejfcalanza2014@plm.edu.ph', '456 Aguila St. Tondo, Manila', '09144461346', NULL, NULL, 2, 1),
	('COR001', 'pass_cor1', 'Ciara', 'Blanche', 'A.', 'clsaldana2014@plm.edu.ph', '258 Binondo St. Tondo, Manila', '09239997412', 'Styroware,  Inc.', '324 Gagalangin St. Tondo, Manila', 7, 1),
	('COR002', 'pass_cor2', 'Jose', 'Barola', 'A.', 'jzbarola2014@plm.edu.ph', '222 Tutuban St. Tondo, Manila', '09128392123', 'Unix, Incorporation', '789 Pavia St. Tondo, Manila', 7, 1),
	('DIC001', 'pass_dic1', 'Aerron James', 'Santiago', 'A.', 'ajosantiago2014@plm.edu.ph', '147 Blumentritt St. Tondo, Manila', '09192341111', NULL, NULL, 5, 1),
	('OM001', 'pass_omg1', 'Renzo', 'Menpin', 'A.', 'rdmenpin2014@plm.edu.ph', '789 Juan Luna St. Tondo, Manila', '09068591385', NULL, NULL, 3, 1),
	('USR001', 'pass_usr1', 'Marielle', 'Menpin', 'A.', 'mlsaldana2014@plm.edu.ph', '258 Wagas St. Tondo, Manila', '09239997412', NULL, NULL, 8, 1),
	('USR002', 'pass_usr2', 'Eron', 'Talupao', 'A.', 'extalupao2014@plm.edu.ph', '123 Juan Luna St. Tondo, Manila', '09192938291', NULL, NULL, 8, 1),
	('emil001', 'emil001', 'Emil', 'Calanza', NULL, 'emil_john_026@yahoo.com', '456 Aguila St. Tondo, Manila', '09953023191', 'Goldnines International Corporation', 'Binondo, Manila', 7, 1),
	('renzo20', 'q', 'renzo', 'menpn', NULL, 'renzo2098@yahoo.com', 'zcjzxhj', '08348238942', 'XJKHJ', 'SDFJHKSDJHK', 7, 1),
	('ronelrm', '123', 'Ronel', 'Ramos', NULL, 'ronelramos@yahoo.com', 'Intramuros, Manila', '09876543565', 'Pamantasan ng Lungsod ng Maynila', 'Intramuros, Manila', 7, 1);
/*!40000 ALTER TABLE `user_info` ENABLE KEYS */;

-- Dumping structure for table id1841802_acm_db.week
CREATE TABLE IF NOT EXISTS `week` (
  `start_week` datetime NOT NULL,
  `end_week` datetime NOT NULL
) ENGINE=InnoDB DEFAULT CHARSET=latin1;

-- Dumping data for table id1841802_acm_db.week: ~1 rows (approximately)
/*!40000 ALTER TABLE `week` DISABLE KEYS */;
INSERT INTO `week` (`start_week`, `end_week`) VALUES
	('2017-03-01 12:00:00', '2017-03-31 12:00:00');
/*!40000 ALTER TABLE `week` ENABLE KEYS */;

-- Dumping structure for table id1841802_acm_db.year
CREATE TABLE IF NOT EXISTS `year` (
  `curr_year` year(4) NOT NULL
) ENGINE=InnoDB DEFAULT CHARSET=latin1;

-- Dumping data for table id1841802_acm_db.year: ~1 rows (approximately)
/*!40000 ALTER TABLE `year` DISABLE KEYS */;
INSERT INTO `year` (`curr_year`) VALUES
	('2017');
/*!40000 ALTER TABLE `year` ENABLE KEYS */;

/*!40101 SET SQL_MODE=IFNULL(@OLD_SQL_MODE, '') */;
/*!40014 SET FOREIGN_KEY_CHECKS=IF(@OLD_FOREIGN_KEY_CHECKS IS NULL, 1, @OLD_FOREIGN_KEY_CHECKS) */;
/*!40101 SET CHARACTER_SET_CLIENT=@OLD_CHARACTER_SET_CLIENT */;
